Procavia_capensis, {{27, {{35, 5, 17, 48}, 0.54}}, {73, {{35, 5, 17, 48}, 0.55}}}
Rhynchocyon_petersi, {{100, {{35, 5, 17, 48}, 0.09}}}
Mus_musculus, {{83, {{35, 5, 17, 48}, 0.07}}, {17, {{35, 5, 17, 48}, 0.08}}}
Lutra_vulgaris, {{100, {{35, 5, 17, 48}, 0.88}}}
Leptophoca_proxima, {{100, {{35, 5, 17, 48}, 0.69}}}
Nyctereutes_procyonoides, {{99, {{35, 5, 17, 48}, 0.36}}, {1, {{35, 5, 17, 48}, 0.35}}}
Dicerorhinus_sumatrensis, {{100, {{35, 5, 17, 48}, 0.8}}}
Chapsosaurus_, {{100, {{35, 5, 17, 48}, 0.96}}}
Placondontia_indet, {{100, {{35, 5, 17, 48}, 1.0}}}
Neusticosaurus, {{100, {{35, 5, 17, 48}, 1.0}}}
Cricosaurus, {{100, {{35, 5, 17, 48}, 0.94}}}
Spinosaurus_.11, {{8, {{35, 5, 17, 48}, 0.46}}, {3, {{35, 5, 17, 48}, 0.5}}, {25, {{35, 5, 17, 48}, 0.47}}, {39, {{35, 5, 17, 48}, 0.49}}, {25, {{35, 5, 17, 48}, 0.48}}}
Spinosaurus_.10, {{27, {{35, 5, 17, 48}, 0.52}}, {21, {{35, 5, 17, 48}, 0.5}}, {20, {{35, 5, 17, 48}, 0.53}}, {32, {{35, 5, 17, 48}, 0.51}}}
Spinosaurus_.9, {{100, {{35, 5, 17, 48}, 0.96}}}
Spinosaurus_.8, {{72, {{35, 5, 17, 48}, 0.95}}, {28, {{35, 5, 17, 48}, 0.94}}}
Spinosaurus_.7, {{1, {{35, 5, 17, 48}, 0.9}}, {88, {{35, 5, 17, 48}, 0.91}}, {11, {{35, 5, 17, 48}, 0.92}}}
Spinosaurus_.6, {{1, {{35, 5, 17, 48}, 0.86}}, {30, {{35, 5, 17, 48}, 0.84}}, {69, {{35, 5, 17, 48}, 0.85}}}
Spinosaurus_.5, {{100, {{35, 5, 17, 48}, 0.98}}}
Spinosaurus_.4, {{85, {{35, 5, 17, 48}, 0.96}}, {15, {{35, 5, 17, 48}, 0.95}}}
Spinosaurus_.3, {{1, {{35, 5, 17, 48}, 0.93}}, {99, {{35, 5, 17, 48}, 0.94}}}
Spinosaurus_.2, {{90, {{35, 5, 17, 48}, 0.9}}, {7, {{35, 5, 17, 48}, 0.91}}, {3, {{35, 5, 17, 48}, 0.89}}}
Spinosaurus_.1, {{27, {{35, 5, 17, 48}, 0.82}}, {18, {{35, 5, 17, 48}, 0.84}}, {55, {{35, 5, 17, 48}, 0.83}}}
Spinosaurus_, {{100, {{35, 5, 17, 48}, 0.98}}}
Baryonyx.3, {{13, {{35, 5, 17, 48}, 0.8}}, {87, {{35, 5, 17, 48}, 0.79}}}
Baryonyx.2, {{100, {{35, 5, 17, 48}, 0.9}}}
Baryonyx.1, {{100, {{35, 5, 17, 48}, 0.96}}}
Suchomimus.3, {{75, {{35, 5, 17, 48}, 0.34}}, {22, {{35, 5, 17, 48}, 0.33}}, {3, {{35, 5, 17, 48}, 0.35}}}
Suchomimus.2, {{85, {{35, 5, 17, 48}, 0.52}}, {15, {{35, 5, 17, 48}, 0.53}}}
Suchomimus.1, {{3, {{35, 5, 17, 48}, 0.34}}, {67, {{35, 5, 17, 48}, 0.33}}, {30, {{35, 5, 17, 48}, 0.32}}}
Suchomimus, {{5, {{35, 5, 17, 48}, 0.52}}, {2, {{35, 5, 17, 48}, 0.5}}, {93, {{35, 5, 17, 48}, 0.51}}}
Baryonyx, {{100, {{35, 5, 17, 48}, 0.95}}}
Strigiops_habroptilus, {{100, {{35, 5, 17, 48}, 0.05}}}
Ornithorhynchus_anatinus, {{100, {{36, 5, 19, 46}, 0.91}}}
Callophoca_obscura, {{100, {{36, 5, 19, 46}, 0.68}}}
Felis_felis, {{56, {{36, 5, 19, 46}, 0.17}}, {44, {{36, 5, 19, 46}, 0.18}}}
Okapia_johnstoni, {{100, {{36, 5, 19, 46}, 0.43}}}
Paraplacodus, {{100, {{36, 5, 19, 46}, 0.99}}}
Simosaurus_1, {{3, {{36, 5, 19, 46}, 0.75}}, {76, {{36, 5, 19, 46}, 0.76}}, {21, {{36, 5, 19, 46}, 0.77}}}
Nothosaurus_mirabilis, {{89, {{36, 5, 19, 46}, 0.93}}, {11, {{36, 5, 19, 46}, 0.92}}}
Lacerta_viridis, {{96, {{36, 5, 19, 46}, 0.42}}, {4, {{36, 5, 19, 46}, 0.41}}}
Metryorhynchus, {{100, {{36, 5, 19, 46}, 0.9}}}
Spinosaurus_.11, {{31, {{36, 5, 19, 46}, 0.45}}, {33, {{36, 5, 19, 46}, 0.47}}, {1, {{36, 5, 19, 46}, 0.48}}, {24, {{36, 5, 19, 46}, 0.46}}, {11, {{36, 5, 19, 46}, 0.44}}}
Spinosaurus_.10, {{11, {{36, 5, 19, 46}, 0.51}}, {2, {{36, 5, 19, 46}, 0.47}}, {35, {{36, 5, 19, 46}, 0.49}}, {22, {{36, 5, 19, 46}, 0.48}}, {30, {{36, 5, 19, 46}, 0.5}}}
Spinosaurus_.9, {{19, {{36, 5, 19, 46}, 0.95}}, {81, {{36, 5, 19, 46}, 0.96}}}
Spinosaurus_.8, {{6, {{36, 5, 19, 46}, 0.93}}, {94, {{36, 5, 19, 46}, 0.94}}}
Spinosaurus_.7, {{88, {{36, 5, 19, 46}, 0.9}}, {1, {{36, 5, 19, 46}, 0.91}}, {11, {{36, 5, 19, 46}, 0.89}}}
Spinosaurus_.6, {{31, {{36, 5, 19, 46}, 0.82}}, {3, {{36, 5, 19, 46}, 0.84}}, {66, {{36, 5, 19, 46}, 0.83}}}
Spinosaurus_.5, {{100, {{36, 5, 19, 46}, 0.98}}}
Spinosaurus_.4, {{95, {{36, 5, 19, 46}, 0.95}}, {5, {{36, 5, 19, 46}, 0.96}}}
Spinosaurus_.3, {{76, {{36, 5, 19, 46}, 0.93}}, {24, {{36, 5, 19, 46}, 0.94}}}
Spinosaurus_.2, {{4, {{36, 5, 19, 46}, 0.88}}, {13, {{36, 5, 19, 46}, 0.9}}, {83, {{36, 5, 19, 46}, 0.89}}}
Spinosaurus_.1, {{3, {{36, 5, 19, 46}, 0.8}}, {57, {{36, 5, 19, 46}, 0.81}}, {40, {{36, 5, 19, 46}, 0.82}}}
Spinosaurus_, {{1, {{36, 5, 19, 46}, 0.97}}, {99, {{36, 5, 19, 46}, 0.98}}}
Baryonyx.3, {{73, {{36, 5, 19, 46}, 0.76}}, {27, {{36, 5, 19, 46}, 0.77}}}
Baryonyx.2, {{6, {{36, 5, 19, 46}, 0.88}}, {94, {{36, 5, 19, 46}, 0.89}}}
Baryonyx.1, {{100, {{36, 5, 19, 46}, 0.95}}}
Suchomimus.3, {{3, {{36, 5, 19, 46}, 0.29}}, {22, {{36, 5, 19, 46}, 0.31}}, {75, {{36, 5, 19, 46}, 0.3}}}
Suchomimus.2, {{89, {{36, 5, 19, 46}, 0.48}}, {11, {{36, 5, 19, 46}, 0.49}}}
Suchomimus.1, {{60, {{36, 5, 19, 46}, 0.29}}, {40, {{36, 5, 19, 46}, 0.3}}}
Suchomimus, {{78, {{36, 5, 19, 46}, 0.47}}, {22, {{36, 5, 19, 46}, 0.48}}}
Baryonyx, {{100, {{36, 5, 19, 46}, 0.94}}}
Small_Eocene_penguin, {{100, {{36, 5, 19, 46}, 0.96}}}
large_eocene_stem_penguin, {{100, {{36, 5, 19, 46}, 0.98}}}
Rattus_rattus, {{8, {{35, 6, 17, 47}, 0.18}}, {92, {{35, 6, 17, 47}, 0.19}}}
Noemys_fodies, {{72, {{35, 6, 17, 47}, 0.47}}, {28, {{35, 6, 17, 47}, 0.46}}}
Hemiechinus_azurites, {{13, {{35, 6, 17, 47}, 0.61}}, {87, {{35, 6, 17, 47}, 0.62}}}
Nanophoca_vitulinoides, {{3, {{35, 6, 17, 47}, 0.96}}, {97, {{35, 6, 17, 47}, 0.97}}}
Rhinoceros_sondaicus, {{100, {{35, 6, 17, 47}, 0.72}}}
Rodhocetus, {{77, {{35, 6, 17, 47}, 0.94}}, {23, {{35, 6, 17, 47}, 0.93}}}
Megaloceros_sp, {{100, {{35, 6, 17, 47}, 0.22}}}
Nothosaurus_568, {{41, {{35, 6, 17, 47}, 0.96}}, {59, {{35, 6, 17, 47}, 0.97}}}
Alligator, {{100, {{35, 6, 17, 47}, 0.88}}}
Caiman_yacare, {{100, {{35, 6, 17, 47}, 0.91}}}
Spinosaurus_.11, {{25, {{35, 6, 17, 47}, 0.47}}, {39, {{35, 6, 17, 47}, 0.49}}, {22, {{35, 6, 17, 47}, 0.48}}, {9, {{35, 6, 17, 47}, 0.46}}, {5, {{35, 6, 17, 47}, 0.5}}}
Spinosaurus_.10, {{4, {{35, 6, 17, 47}, 0.49}}, {28, {{35, 6, 17, 47}, 0.52}}, {22, {{35, 6, 17, 47}, 0.5}}, {13, {{35, 6, 17, 47}, 0.53}}, {33, {{35, 6, 17, 47}, 0.51}}}
Spinosaurus_.9, {{69, {{35, 6, 17, 47}, 0.96}}, {31, {{35, 6, 17, 47}, 0.95}}}
Spinosaurus_.8, {{97, {{35, 6, 17, 47}, 0.94}}, {3, {{35, 6, 17, 47}, 0.93}}}
Spinosaurus_.7, {{56, {{35, 6, 17, 47}, 0.9}}, {44, {{35, 6, 17, 47}, 0.91}}}
Spinosaurus_.6, {{54, {{35, 6, 17, 47}, 0.84}}, {12, {{35, 6, 17, 47}, 0.83}}, {34, {{35, 6, 17, 47}, 0.85}}}
Spinosaurus_.5, {{100, {{35, 6, 17, 47}, 0.98}}}
Spinosaurus_.4, {{5, {{35, 6, 17, 47}, 0.94}}, {95, {{35, 6, 17, 47}, 0.95}}}
Spinosaurus_.3, {{3, {{35, 6, 17, 47}, 0.92}}, {97, {{35, 6, 17, 47}, 0.93}}}
Spinosaurus_.2, {{19, {{35, 6, 17, 47}, 0.88}}, {1, {{35, 6, 17, 47}, 0.9}}, {80, {{35, 6, 17, 47}, 0.89}}}
Spinosaurus_.1, {{37, {{35, 6, 17, 47}, 0.81}}, {52, {{35, 6, 17, 47}, 0.82}}, {11, {{35, 6, 17, 47}, 0.83}}}
Spinosaurus_, {{1, {{35, 6, 17, 47}, 0.98}}, {99, {{35, 6, 17, 47}, 0.97}}}
Baryonyx.3, {{22, {{35, 6, 17, 47}, 0.8}}, {78, {{35, 6, 17, 47}, 0.79}}}
Baryonyx.2, {{99, {{35, 6, 17, 47}, 0.9}}, {1, {{35, 6, 17, 47}, 0.89}}}
Baryonyx.1, {{100, {{35, 6, 17, 47}, 0.95}}}
Suchomimus.3, {{74, {{35, 6, 17, 47}, 0.37}}, {9, {{35, 6, 17, 47}, 0.38}}, {17, {{35, 6, 17, 47}, 0.36}}}
Suchomimus.2, {{73, {{35, 6, 17, 47}, 0.54}}, {27, {{35, 6, 17, 47}, 0.55}}}
Suchomimus.1, {{67, {{35, 6, 17, 47}, 0.35}}, {33, {{35, 6, 17, 47}, 0.36}}}
Suchomimus, {{33, {{35, 6, 17, 47}, 0.52}}, {67, {{35, 6, 17, 47}, 0.53}}}
Baryonyx, {{19, {{35, 6, 17, 47}, 0.94}}, {81, {{35, 6, 17, 47}, 0.95}}}
Dromaius_, {{100, {{35, 6, 17, 47}, 0.07}}}
Caloenas_nicobarica, {{100, {{35, 6, 17, 47}, 0.03}}}
Monodelphis_domestica, {{100, {{34, 3, 18, 50}, 0.7}}}
Castor_fiber, {{16, {{34, 3, 18, 50}, 0.72}}, {84, {{34, 3, 18, 50}, 0.73}}}
Mustela_nivalis, {{100, {{34, 3, 18, 50}, 0.29}}}
Uncia_uncia, {{100, {{34, 3, 18, 50}, 0.43}}}
Sus_scrofa, {{100, {{34, 3, 18, 50}, 0.2}}}
Remingtonocetus, {{99, {{34, 3, 18, 50}, 0.78}}, {1, {{34, 3, 18, 50}, 0.77}}}
Elomeryx_borbonicus_, {{73, {{34, 3, 18, 50}, 0.28}}, {27, {{34, 3, 18, 50}, 0.27}}}
Alces_americanus, {{1, {{34, 3, 18, 50}, 0.34}}, {99, {{34, 3, 18, 50}, 0.35}}}
Placodontia_indet_1, {{36, {{34, 3, 18, 50}, 0.97}}, {64, {{34, 3, 18, 50}, 0.96}}}
Dyrosaurid, {{1, {{34, 3, 18, 50}, 0.28}}, {99, {{34, 3, 18, 50}, 0.27}}}
Spinosaurus_.11, {{37, {{34, 3, 18, 50}, 0.45}}, {22, {{34, 3, 18, 50}, 0.43}}, {5, {{34, 3, 18, 50}, 0.42}}, {9, {{34, 3, 18, 50}, 0.46}}, {27, {{34, 3, 18, 50}, 0.44}}}
Spinosaurus_.10, {{27, {{34, 3, 18, 50}, 0.47}}, {30, {{34, 3, 18, 50}, 0.48}}, {25, {{34, 3, 18, 50}, 0.49}}, {18, {{34, 3, 18, 50}, 0.46}}}
Spinosaurus_.9, {{47, {{34, 3, 18, 50}, 0.95}}, {53, {{34, 3, 18, 50}, 0.96}}}
Spinosaurus_.8, {{21, {{34, 3, 18, 50}, 0.93}}, {79, {{34, 3, 18, 50}, 0.94}}}
Spinosaurus_.7, {{57, {{34, 3, 18, 50}, 0.9}}, {43, {{34, 3, 18, 50}, 0.89}}}
Spinosaurus_.6, {{12, {{34, 3, 18, 50}, 0.81}}, {57, {{34, 3, 18, 50}, 0.82}}, {31, {{34, 3, 18, 50}, 0.83}}}
Spinosaurus_.5, {{100, {{34, 3, 18, 50}, 0.98}}}
Spinosaurus_.4, {{100, {{34, 3, 18, 50}, 0.95}}}
Spinosaurus_.3, {{100, {{34, 3, 18, 50}, 0.93}}}
Spinosaurus_.2, {{36, {{34, 3, 18, 50}, 0.88}}, {64, {{34, 3, 18, 50}, 0.89}}}
Spinosaurus_.1, {{43, {{34, 3, 18, 50}, 0.8}}, {1, {{34, 3, 18, 50}, 0.79}}, {53, {{34, 3, 18, 50}, 0.81}}, {3, {{34, 3, 18, 50}, 0.82}}}
Spinosaurus_, {{11, {{34, 3, 18, 50}, 0.97}}, {89, {{34, 3, 18, 50}, 0.98}}}
Baryonyx.3, {{48, {{34, 3, 18, 50}, 0.75}}, {52, {{34, 3, 18, 50}, 0.76}}}
Baryonyx.2, {{98, {{34, 3, 18, 50}, 0.88}}, {2, {{34, 3, 18, 50}, 0.89}}}
Baryonyx.1, {{100, {{34, 3, 18, 50}, 0.95}}}
Suchomimus.3, {{13, {{34, 3, 18, 50}, 0.28}}, {76, {{34, 3, 18, 50}, 0.29}}, {11, {{34, 3, 18, 50}, 0.3}}}
Suchomimus.2, {{77, {{34, 3, 18, 50}, 0.47}}, {4, {{34, 3, 18, 50}, 0.48}}, {19, {{34, 3, 18, 50}, 0.46}}}
Suchomimus.1, {{80, {{34, 3, 18, 50}, 0.28}}, {17, {{34, 3, 18, 50}, 0.29}}, {3, {{34, 3, 18, 50}, 0.27}}}
Suchomimus, {{12, {{34, 3, 18, 50}, 0.45}}, {2, {{34, 3, 18, 50}, 0.47}}, {86, {{34, 3, 18, 50}, 0.46}}}
Baryonyx, {{100, {{34, 3, 18, 50}, 0.94}}}
Phalacrocorax_harrisi, {{99, {{34, 3, 18, 50}, 0.34}}, {1, {{34, 3, 18, 50}, 0.33}}}
Spheniscus, {{31, {{34, 3, 18, 50}, 0.9}}, {69, {{34, 3, 18, 50}, 0.89}}}
Chironectes_minimus, {{100, {{35, 5, 18, 47}, 0.87}}}
Microgale_thomasi, {{74, {{35, 5, 18, 47}, 0.17}}, {26, {{35, 5, 18, 47}, 0.18}}}
Taxidea_taxus, {{97, {{35, 5, 18, 47}, 0.53}}, {3, {{35, 5, 18, 47}, 0.52}}}
Tapirus_terrestris, {{80, {{35, 5, 18, 47}, 0.56}}, {20, {{35, 5, 18, 47}, 0.55}}}
Choeropsis_liberiensis, {{100, {{35, 5, 18, 47}, 0.76}}}
Cephalophus_silvicultor, {{100, {{35, 5, 18, 47}, 0.43}}}
Pistosaurus, {{100, {{35, 5, 18, 47}, 0.95}}}
Rhaeticosaurus, {{100, {{35, 5, 18, 47}, 0.99}}}
Nothosaurus_giganteus, {{87, {{35, 5, 18, 47}, 0.58}}, {11, {{35, 5, 18, 47}, 0.59}}, {2, {{35, 5, 18, 47}, 0.57}}}
Spinosaurus_.11, {{24, {{35, 5, 18, 47}, 0.44}}, {25, {{35, 5, 18, 47}, 0.45}}, {29, {{35, 5, 18, 47}, 0.43}}, {21, {{35, 5, 18, 47}, 0.42}}, {1, {{35, 5, 18, 47}, 0.41}}}
Spinosaurus_.10, {{6, {{35, 5, 18, 47}, 0.45}}, {36, {{35, 5, 18, 47}, 0.47}}, {32, {{35, 5, 18, 47}, 0.48}}, {3, {{35, 5, 18, 47}, 0.49}}, {23, {{35, 5, 18, 47}, 0.46}}}
Spinosaurus_.9, {{34, {{35, 5, 18, 47}, 0.95}}, {66, {{35, 5, 18, 47}, 0.96}}}
Spinosaurus_.8, {{11, {{35, 5, 18, 47}, 0.93}}, {89, {{35, 5, 18, 47}, 0.94}}}
Spinosaurus_.7, {{40, {{35, 5, 18, 47}, 0.89}}, {60, {{35, 5, 18, 47}, 0.9}}}
Spinosaurus_.6, {{15, {{35, 5, 18, 47}, 0.81}}, {58, {{35, 5, 18, 47}, 0.82}}, {27, {{35, 5, 18, 47}, 0.83}}}
Spinosaurus_.5, {{100, {{35, 5, 18, 47}, 0.98}}}
Spinosaurus_.4, {{99, {{35, 5, 18, 47}, 0.95}}, {1, {{35, 5, 18, 47}, 0.96}}}
Spinosaurus_.3, {{99, {{35, 5, 18, 47}, 0.93}}, {1, {{35, 5, 18, 47}, 0.94}}}
Spinosaurus_.2, {{66, {{35, 5, 18, 47}, 0.89}}, {34, {{35, 5, 18, 47}, 0.88}}}
Spinosaurus_.1, {{46, {{35, 5, 18, 47}, 0.8}}, {2, {{35, 5, 18, 47}, 0.79}}, {52, {{35, 5, 18, 47}, 0.81}}}
Spinosaurus_, {{1, {{35, 5, 18, 47}, 0.97}}, {99, {{35, 5, 18, 47}, 0.98}}}
Baryonyx.3, {{87, {{35, 5, 18, 47}, 0.75}}, {13, {{35, 5, 18, 47}, 0.76}}}
Baryonyx.2, {{2, {{35, 5, 18, 47}, 0.89}}, {98, {{35, 5, 18, 47}, 0.88}}}
Baryonyx.1, {{100, {{35, 5, 18, 47}, 0.95}}}
Suchomimus.3, {{17, {{35, 5, 18, 47}, 0.29}}, {3, {{35, 5, 18, 47}, 0.27}}, {80, {{35, 5, 18, 47}, 0.28}}}
Suchomimus.2, {{9, {{35, 5, 18, 47}, 0.47}}, {91, {{35, 5, 18, 47}, 0.46}}}
Suchomimus.1, {{69, {{35, 5, 18, 47}, 0.27}}, {31, {{35, 5, 18, 47}, 0.28}}}
Suchomimus, {{1, {{35, 5, 18, 47}, 0.44}}, {86, {{35, 5, 18, 47}, 0.45}}, {13, {{35, 5, 18, 47}, 0.46}}}
Baryonyx, {{100, {{35, 5, 18, 47}, 0.94}}}
Apteryx_owenii_, {{100, {{35, 5, 18, 47}, 0.08}}}
Xenicus_giliventris, {{100, {{35, 5, 18, 47}, 0.02}}}
Aptenodytes______, {{100, {{35, 5, 18, 47}, 0.9}}}
Loxodonta_africana, {{41, {{37, 4, 16, 48}, 0.95}}, {59, {{37, 5, 16, 47}, 0.95}}}
Meles_meles, {{41, {{37, 4, 16, 48}, 0.35}}, {59, {{37, 5, 16, 47}, 0.35}}}
Otaria_byronia, {{41, {{37, 4, 16, 48}, 0.88}}, {59, {{37, 5, 16, 47}, 0.88}}}
Maiacetus, {{41, {{37, 4, 16, 48}, 0.99}}, {59, {{37, 5, 16, 47}, 0.99}}}
Brachyodus_onoideum, {{40, {{37, 4, 16, 48}, 0.81}}, {1, {{37, 4, 16, 48}, 0.82}}, {51, {{37, 5, 16, 47}, 0.81}}, {8, {{37, 5, 16, 47}, 0.82}}}
Hexaprotodon_garyam, {{41, {{37, 4, 16, 48}, 0.75}}, {59, {{37, 5, 16, 47}, 0.75}}}
Syncerus_caffer, {{41, {{37, 4, 16, 48}, 0.76}}, {59, {{37, 5, 16, 47}, 0.76}}}
Ichtyosaurus_, {{21, {{37, 4, 16, 48}, 0.44}}, {19, {{37, 4, 16, 48}, 0.45}}, {32, {{37, 5, 16, 47}, 0.44}}, {27, {{37, 5, 16, 47}, 0.45}}, {1, {{37, 4, 16, 48}, 0.43}}}
Plesiosaurus, {{16, {{37, 5, 16, 47}, 0.98}}, {27, {{37, 4, 16, 48}, 0.99}}, {43, {{37, 5, 16, 47}, 0.99}}, {14, {{37, 4, 16, 48}, 0.98}}}
Nothosaurus_102, {{41, {{37, 4, 16, 48}, 1.0}}, {59, {{37, 5, 16, 47}, 1.0}}}
Spinosaurus_.11, {{7, {{37, 4, 16, 48}, 0.48}}, {11, {{37, 4, 16, 48}, 0.49}}, {8, {{37, 5, 16, 47}, 0.47}}, {17, {{37, 5, 16, 47}, 0.48}}, {12, {{37, 5, 16, 47}, 0.49}}, {18, {{37, 4, 16, 48}, 0.5}}, {20, {{37, 5, 16, 47}, 0.5}}, {5, {{37, 4, 16, 48}, 0.51}}, {2, {{37, 5, 16, 47}, 0.51}}}
Spinosaurus_.10, {{14, {{37, 5, 16, 47}, 0.54}}, {1, {{37, 4, 16, 48}, 0.55}}, {7, {{37, 4, 16, 48}, 0.52}}, {2, {{37, 5, 16, 47}, 0.55}}, {15, {{37, 5, 16, 47}, 0.52}}, {17, {{37, 4, 16, 48}, 0.53}}, {18, {{37, 5, 16, 47}, 0.53}}, {10, {{37, 5, 16, 47}, 0.51}}, {16, {{37, 4, 16, 48}, 0.54}}}
Spinosaurus_.9, {{56, {{37, 5, 16, 47}, 0.98}}, {3, {{37, 5, 16, 47}, 0.97}}, {41, {{37, 4, 16, 48}, 0.98}}}
Spinosaurus_.8, {{13, {{37, 4, 16, 48}, 0.96}}, {23, {{37, 5, 16, 47}, 0.96}}, {28, {{37, 4, 16, 48}, 0.97}}, {36, {{37, 5, 16, 47}, 0.97}}}
Spinosaurus_.7, {{4, {{37, 5, 16, 47}, 0.93}}, {41, {{37, 4, 16, 48}, 0.94}}, {55, {{37, 5, 16, 47}, 0.94}}}
Spinosaurus_.6, {{24, {{37, 4, 16, 48}, 0.89}}, {25, {{37, 5, 16, 47}, 0.89}}, {17, {{37, 4, 16, 48}, 0.88}}, {34, {{37, 5, 16, 47}, 0.88}}}
Spinosaurus_.5, {{41, {{37, 4, 16, 48}, 0.99}}, {59, {{37, 5, 16, 47}, 0.99}}}
Spinosaurus_.4, {{1, {{37, 5, 16, 47}, 0.98}}, {41, {{37, 4, 16, 48}, 0.97}}, {58, {{37, 5, 16, 47}, 0.97}}}
Spinosaurus_.3, {{41, {{37, 4, 16, 48}, 0.96}}, {59, {{37, 5, 16, 47}, 0.96}}}
Spinosaurus_.2, {{1, {{37, 4, 16, 48}, 0.92}}, {7, {{37, 5, 16, 47}, 0.92}}, {40, {{37, 4, 16, 48}, 0.93}}, {52, {{37, 5, 16, 47}, 0.93}}}
Spinosaurus_.1, {{22, {{37, 5, 16, 47}, 0.87}}, {13, {{37, 4, 16, 48}, 0.86}}, {37, {{37, 5, 16, 47}, 0.86}}, {28, {{37, 4, 16, 48}, 0.87}}}
Spinosaurus_, {{41, {{37, 4, 16, 48}, 0.99}}, {59, {{37, 5, 16, 47}, 0.99}}}
Baryonyx.3, {{23, {{37, 5, 16, 47}, 0.83}}, {18, {{37, 4, 16, 48}, 0.84}}, {36, {{37, 5, 16, 47}, 0.84}}, {23, {{37, 4, 16, 48}, 0.83}}}
Baryonyx.2, {{41, {{37, 4, 16, 48}, 0.93}}, {59, {{37, 5, 16, 47}, 0.93}}}
Baryonyx.1, {{10, {{37, 5, 16, 47}, 0.98}}, {41, {{37, 4, 16, 48}, 0.97}}, {49, {{37, 5, 16, 47}, 0.97}}}
Suchomimus.3, {{29, {{37, 4, 16, 48}, 0.34}}, {8, {{37, 4, 16, 48}, 0.33}}, {4, {{37, 4, 16, 48}, 0.35}}, {47, {{37, 5, 16, 47}, 0.34}}, {7, {{37, 5, 16, 47}, 0.33}}, {5, {{37, 5, 16, 47}, 0.35}}}
Suchomimus.2, {{6, {{37, 5, 16, 47}, 0.54}}, {36, {{37, 4, 16, 48}, 0.55}}, {50, {{37, 5, 16, 47}, 0.55}}, {1, {{37, 4, 16, 48}, 0.56}}, {3, {{37, 5, 16, 47}, 0.56}}, {4, {{37, 4, 16, 48}, 0.54}}}
Suchomimus.1, {{23, {{37, 4, 16, 48}, 0.33}}, {24, {{37, 5, 16, 47}, 0.33}}, {18, {{37, 4, 16, 48}, 0.32}}, {35, {{37, 5, 16, 47}, 0.32}}}
Suchomimus, {{11, {{37, 5, 16, 47}, 0.54}}, {34, {{37, 4, 16, 48}, 0.53}}, {48, {{37, 5, 16, 47}, 0.53}}, {7, {{37, 4, 16, 48}, 0.54}}}
Baryonyx, {{41, {{37, 4, 16, 48}, 0.97}}, {59, {{37, 5, 16, 47}, 0.97}}}
Tribonyx_mortieri, {{54, {{37, 5, 16, 47}, 0.1}}, {11, {{37, 4, 16, 48}, 0.11}}, {5, {{37, 5, 16, 47}, 0.11}}, {30, {{37, 4, 16, 48}, 0.1}}}
Palaeospheniscus, {{41, {{37, 4, 16, 48}, 0.8}}, {59, {{37, 5, 16, 47}, 0.8}}}
Micropotamogale_euwenzorii, {{100, {{34, 4, 17, 50}, 0.83}}}
Tenrec_ecaudatus, {{100, {{34, 4, 17, 50}, 0.77}}}
Hydromys_chrysogaster, {{100, {{34, 4, 17, 50}, 0.49}}}
Diplomesodon_pulchellum, {{100, {{34, 4, 17, 50}, 0.6}}}
Vulpes_vulpes, {{100, {{34, 4, 17, 50}, 0.14}}}
Paguma_larvata, {{100, {{34, 4, 17, 50}, 0.4}}}
Basilosaurus, {{100, {{34, 4, 17, 50}, 0.96}}}
Bison_bonasus, {{25, {{34, 4, 17, 50}, 0.22}}, {75, {{34, 4, 17, 50}, 0.23}}}
Rangifer_tarandus, {{100, {{34, 4, 17, 50}, 0.08}}}
Simosaurus, {{6, {{34, 4, 17, 50}, 0.97}}, {94, {{34, 4, 17, 50}, 0.96}}}
Protochampsidae, {{67, {{34, 4, 17, 50}, 0.22}}, {17, {{34, 4, 17, 50}, 0.23}}, {16, {{34, 4, 17, 50}, 0.21}}}
Spinosaurus_.11, {{27, {{34, 4, 17, 50}, 0.43}}, {29, {{34, 4, 17, 50}, 0.42}}, {5, {{34, 4, 17, 50}, 0.41}}, {35, {{34, 4, 17, 50}, 0.44}}, {4, {{34, 4, 17, 50}, 0.45}}}
Spinosaurus_.10, {{30, {{34, 4, 17, 50}, 0.47}}, {20, {{34, 4, 17, 50}, 0.48}}, {30, {{34, 4, 17, 50}, 0.46}}, {20, {{34, 4, 17, 50}, 0.45}}}
Spinosaurus_.9, {{14, {{34, 4, 17, 50}, 0.95}}, {86, {{34, 4, 17, 50}, 0.96}}}
Spinosaurus_.8, {{6, {{34, 4, 17, 50}, 0.93}}, {94, {{34, 4, 17, 50}, 0.94}}}
Spinosaurus_.7, {{78, {{34, 4, 17, 50}, 0.9}}, {22, {{34, 4, 17, 50}, 0.89}}}
Spinosaurus_.6, {{4, {{34, 4, 17, 50}, 0.81}}, {50, {{34, 4, 17, 50}, 0.82}}, {46, {{34, 4, 17, 50}, 0.83}}}
Spinosaurus_.5, {{100, {{34, 4, 17, 50}, 0.98}}}
Spinosaurus_.4, {{100, {{34, 4, 17, 50}, 0.95}}}
Spinosaurus_.3, {{99, {{34, 4, 17, 50}, 0.93}}, {1, {{34, 4, 17, 50}, 0.94}}}
Spinosaurus_.2, {{34, {{34, 4, 17, 50}, 0.88}}, {66, {{34, 4, 17, 50}, 0.89}}}
Spinosaurus_.1, {{48, {{34, 4, 17, 50}, 0.8}}, {3, {{34, 4, 17, 50}, 0.79}}, {49, {{34, 4, 17, 50}, 0.81}}}
Spinosaurus_, {{2, {{34, 4, 17, 50}, 0.97}}, {98, {{34, 4, 17, 50}, 0.98}}}
Baryonyx.3, {{11, {{34, 4, 17, 50}, 0.75}}, {89, {{34, 4, 17, 50}, 0.76}}}
Baryonyx.2, {{51, {{34, 4, 17, 50}, 0.88}}, {49, {{34, 4, 17, 50}, 0.89}}}
Baryonyx.1, {{100, {{34, 4, 17, 50}, 0.95}}}
Suchomimus.3, {{49, {{34, 4, 17, 50}, 0.28}}, {50, {{34, 4, 17, 50}, 0.29}}, {1, {{34, 4, 17, 50}, 0.27}}}
Suchomimus.2, {{50, {{34, 4, 17, 50}, 0.47}}, {50, {{34, 4, 17, 50}, 0.46}}}
Suchomimus.1, {{54, {{34, 4, 17, 50}, 0.28}}, {46, {{34, 4, 17, 50}, 0.27}}}
Suchomimus, {{33, {{34, 4, 17, 50}, 0.46}}, {67, {{34, 4, 17, 50}, 0.45}}}
Baryonyx, {{1, {{34, 4, 17, 50}, 0.95}}, {99, {{34, 4, 17, 50}, 0.94}}}
Porphyrio_hochstetteri, {{87, {{34, 4, 17, 50}, 0.09}}, {13, {{34, 4, 17, 50}, 0.1}}}
Desmostylus_hesperus, {{1, {{34, 4, 18, 49}, 0.31}}, {99, {{34, 4, 18, 49}, 0.32}}}
Tamandua_tetradactyla, {{100, {{34, 4, 18, 49}, 0.78}}}
Euroscaptor_micrura, {{100, {{34, 4, 18, 49}, 0.46}}}
Procyon_lotor, {{100, {{34, 4, 18, 49}, 0.45}}}
Lama_guanicoe, {{98, {{34, 4, 18, 49}, 0.09}}, {2, {{34, 4, 18, 49}, 0.1}}}
Indohyus, {{100, {{34, 4, 18, 49}, 0.9}}}
Giraffa_camelopardalis, {{9, {{34, 4, 18, 49}, 0.3}}, {91, {{34, 4, 18, 49}, 0.29}}}
Champsosaurus, {{100, {{34, 4, 18, 49}, 0.96}}}
Ichtyosaur_sp, {{93, {{34, 4, 18, 49}, 0.82}}, {7, {{34, 4, 18, 49}, 0.83}}}
Psephoderma, {{1, {{34, 4, 18, 49}, 0.89}}, {99, {{34, 4, 18, 49}, 0.9}}}
Anarosaurus, {{100, {{34, 4, 18, 49}, 0.98}}}
Spinosaurus_.11, {{24, {{34, 4, 18, 49}, 0.44}}, {32, {{34, 4, 18, 49}, 0.45}}, {29, {{34, 4, 18, 49}, 0.43}}, {13, {{34, 4, 18, 49}, 0.42}}, {2, {{34, 4, 18, 49}, 0.46}}}
Spinosaurus_.10, {{3, {{34, 4, 18, 49}, 0.45}}, {33, {{34, 4, 18, 49}, 0.47}}, {30, {{34, 4, 18, 49}, 0.48}}, {10, {{34, 4, 18, 49}, 0.49}}, {24, {{34, 4, 18, 49}, 0.46}}}
Spinosaurus_.9, {{100, {{34, 4, 18, 49}, 0.95}}}
Spinosaurus_.8, {{100, {{34, 4, 18, 49}, 0.93}}}
Spinosaurus_.7, {{65, {{34, 4, 18, 49}, 0.89}}, {35, {{34, 4, 18, 49}, 0.88}}}
Spinosaurus_.6, {{22, {{34, 4, 18, 49}, 0.8}}, {54, {{34, 4, 18, 49}, 0.81}}, {24, {{34, 4, 18, 49}, 0.82}}}
Spinosaurus_.5, {{38, {{34, 4, 18, 49}, 0.97}}, {62, {{34, 4, 18, 49}, 0.98}}}
Spinosaurus_.4, {{72, {{34, 4, 18, 49}, 0.95}}, {28, {{34, 4, 18, 49}, 0.94}}}
Spinosaurus_.3, {{47, {{34, 4, 18, 49}, 0.93}}, {53, {{34, 4, 18, 49}, 0.92}}}
Spinosaurus_.2, {{1, {{34, 4, 18, 49}, 0.89}}, {75, {{34, 4, 18, 49}, 0.88}}, {24, {{34, 4, 18, 49}, 0.87}}}
Spinosaurus_.1, {{50, {{34, 4, 18, 49}, 0.8}}, {42, {{34, 4, 18, 49}, 0.79}}, {5, {{34, 4, 18, 49}, 0.81}}, {3, {{34, 4, 18, 49}, 0.78}}}
Spinosaurus_, {{100, {{34, 4, 18, 49}, 0.97}}}
Baryonyx.3, {{7, {{34, 4, 18, 49}, 0.75}}, {93, {{34, 4, 18, 49}, 0.74}}}
Baryonyx.2, {{4, {{34, 4, 18, 49}, 0.88}}, {96, {{34, 4, 18, 49}, 0.87}}}
Baryonyx.1, {{3, {{34, 4, 18, 49}, 0.95}}, {97, {{34, 4, 18, 49}, 0.94}}}
Suchomimus.3, {{46, {{34, 4, 18, 49}, 0.28}}, {54, {{34, 4, 18, 49}, 0.29}}}
Suchomimus.2, {{17, {{34, 4, 18, 49}, 0.45}}, {4, {{34, 4, 18, 49}, 0.47}}, {79, {{34, 4, 18, 49}, 0.46}}}
Suchomimus.1, {{73, {{34, 4, 18, 49}, 0.28}}, {7, {{34, 4, 18, 49}, 0.29}}, {20, {{34, 4, 18, 49}, 0.27}}}
Suchomimus, {{6, {{34, 4, 18, 49}, 0.44}}, {85, {{34, 4, 18, 49}, 0.45}}, {9, {{34, 4, 18, 49}, 0.46}}}
Baryonyx, {{76, {{34, 4, 18, 49}, 0.93}}, {24, {{34, 4, 18, 49}, 0.94}}}
Raphus, {{83, {{34, 4, 18, 49}, 0.23}}, {17, {{34, 4, 18, 49}, 0.24}}}
Mammuthus_sp, {{1, {{35, 7, 15, 49}, 0.86}}, {99, {{35, 6, 15, 50}, 0.86}}}
Desmana_moschata, {{1, {{35, 7, 15, 49}, 0.9}}, {99, {{35, 6, 15, 50}, 0.9}}}
Ceratotherium_simum, {{1, {{35, 7, 15, 49}, 0.9}}, {99, {{35, 6, 15, 50}, 0.9}}}
Hippopotamus_amphibius, {{4, {{35, 6, 15, 50}, 0.9}}, {1, {{35, 7, 15, 49}, 0.89}}, {95, {{35, 6, 15, 50}, 0.89}}}
Rupicapra_rupicapra, {{1, {{35, 7, 15, 49}, 0.09}}, {99, {{35, 6, 15, 50}, 0.09}}}
Bos_taurus, {{1, {{35, 7, 15, 49}, 0.63}}, {88, {{35, 6, 15, 50}, 0.63}}, {11, {{35, 6, 15, 50}, 0.62}}}
Dama_dama, {{1, {{35, 7, 15, 49}, 0.25}}, {99, {{35, 6, 15, 50}, 0.25}}}
Nothosaurus_150, {{99, {{35, 6, 15, 50}, 0.99}}, {1, {{35, 7, 15, 49}, 0.99}}}
Sphenodon_punctatus, {{27, {{35, 6, 15, 50}, 0.66}}, {1, {{35, 7, 15, 49}, 0.65}}, {72, {{35, 6, 15, 50}, 0.65}}}
Spinosaurus_.11, {{30, {{35, 6, 15, 50}, 0.51}}, {1, {{35, 7, 15, 49}, 0.47}}, {29, {{35, 6, 15, 50}, 0.49}}, {20, {{35, 6, 15, 50}, 0.48}}, {20, {{35, 6, 15, 50}, 0.5}}}
Spinosaurus_.10, {{35, {{35, 6, 15, 50}, 0.53}}, {9, {{35, 6, 15, 50}, 0.51}}, {1, {{35, 7, 15, 49}, 0.54}}, {29, {{35, 6, 15, 50}, 0.54}}, {1, {{35, 6, 15, 50}, 0.55}}, {25, {{35, 6, 15, 50}, 0.52}}}
Spinosaurus_.9, {{6, {{35, 6, 15, 50}, 0.97}}, {1, {{35, 7, 15, 49}, 0.96}}, {93, {{35, 6, 15, 50}, 0.96}}}
Spinosaurus_.8, {{1, {{35, 7, 15, 49}, 0.95}}, {97, {{35, 6, 15, 50}, 0.95}}, {2, {{35, 6, 15, 50}, 0.94}}}
Spinosaurus_.7, {{70, {{35, 6, 15, 50}, 0.92}}, {1, {{35, 7, 15, 49}, 0.91}}, {29, {{35, 6, 15, 50}, 0.91}}}
Spinosaurus_.6, {{2, {{35, 6, 15, 50}, 0.87}}, {1, {{35, 7, 15, 49}, 0.85}}, {26, {{35, 6, 15, 50}, 0.85}}, {71, {{35, 6, 15, 50}, 0.86}}}
Spinosaurus_.5, {{1, {{35, 7, 15, 49}, 0.98}}, {99, {{35, 6, 15, 50}, 0.98}}}
Spinosaurus_.4, {{1, {{35, 7, 15, 49}, 0.95}}, {13, {{35, 6, 15, 50}, 0.95}}, {86, {{35, 6, 15, 50}, 0.96}}}
Spinosaurus_.3, {{1, {{35, 6, 15, 50}, 0.93}}, {1, {{35, 7, 15, 49}, 0.94}}, {98, {{35, 6, 15, 50}, 0.94}}}
Spinosaurus_.2, {{1, {{35, 7, 15, 49}, 0.9}}, {65, {{35, 6, 15, 50}, 0.9}}, {34, {{35, 6, 15, 50}, 0.91}}}
Spinosaurus_.1, {{1, {{35, 6, 15, 50}, 0.82}}, {56, {{35, 6, 15, 50}, 0.84}}, {1, {{35, 7, 15, 49}, 0.83}}, {42, {{35, 6, 15, 50}, 0.83}}}
Spinosaurus_, {{1, {{35, 7, 15, 49}, 0.98}}, {99, {{35, 6, 15, 50}, 0.98}}}
Baryonyx.3, {{1, {{35, 7, 15, 49}, 0.81}}, {96, {{35, 6, 15, 50}, 0.81}}, {3, {{35, 6, 15, 50}, 0.82}}}
Baryonyx.2, {{1, {{35, 7, 15, 49}, 0.91}}, {99, {{35, 6, 15, 50}, 0.91}}}
Baryonyx.1, {{1, {{35, 7, 15, 49}, 0.96}}, {99, {{35, 6, 15, 50}, 0.96}}}
Suchomimus.3, {{65, {{35, 6, 15, 50}, 0.38}}, {34, {{35, 6, 15, 50}, 0.37}}, {1, {{35, 7, 15, 49}, 0.38}}}
Suchomimus.2, {{89, {{35, 6, 15, 50}, 0.56}}, {2, {{35, 6, 15, 50}, 0.57}}, {8, {{35, 6, 15, 50}, 0.55}}, {1, {{35, 7, 15, 49}, 0.56}}}
Suchomimus.1, {{80, {{35, 6, 15, 50}, 0.36}}, {6, {{35, 6, 15, 50}, 0.35}}, {1, {{35, 7, 15, 49}, 0.37}}, {13, {{35, 6, 15, 50}, 0.37}}}
Suchomimus, {{83, {{35, 6, 15, 50}, 0.54}}, {1, {{35, 7, 15, 49}, 0.55}}, {16, {{35, 6, 15, 50}, 0.55}}}
Baryonyx, {{93, {{35, 6, 15, 50}, 0.95}}, {1, {{35, 7, 15, 49}, 0.96}}, {6, {{35, 6, 15, 50}, 0.96}}}
Apteryx_australis, {{1, {{35, 7, 15, 49}, 0.19}}, {98, {{35, 6, 15, 50}, 0.19}}, {1, {{35, 6, 15, 50}, 0.18}}}
Atlantisia_rogersi, {{1, {{35, 7, 15, 49}, 0.06}}, {99, {{35, 6, 15, 50}, 0.06}}}
Dasyurus_maculatus, {{100, {{36, 5, 16, 49}, 0.64}}}
Elephas_maximus, {{100, {{36, 5, 16, 49}, 0.84}}}
Myrmecophaga_tridactyla, {{100, {{36, 5, 16, 49}, 0.78}}}
Phocanella_pumila, {{100, {{36, 5, 16, 49}, 0.98}}}
Capreolus_capreolus, {{100, {{36, 5, 16, 49}, 0.09}}}
Serpianosaurus, {{100, {{36, 5, 16, 49}, 1.0}}}
Cryptoclidus, {{100, {{36, 5, 16, 49}, 0.99}}}
Nothosaurus_mirabilis_1, {{17, {{36, 5, 16, 49}, 0.81}}, {83, {{36, 5, 16, 49}, 0.82}}}
Pogona_viceps, {{95, {{36, 5, 16, 49}, 0.04}}, {5, {{36, 5, 16, 49}, 0.03}}}
Spinosaurus_.11, {{21, {{36, 5, 16, 49}, 0.47}}, {29, {{36, 5, 16, 49}, 0.49}}, {29, {{36, 5, 16, 49}, 0.48}}, {4, {{36, 5, 16, 49}, 0.46}}, {17, {{36, 5, 16, 49}, 0.5}}}
Spinosaurus_.10, {{32, {{36, 5, 16, 49}, 0.53}}, {25, {{36, 5, 16, 49}, 0.51}}, {2, {{36, 5, 16, 49}, 0.54}}, {37, {{36, 5, 16, 49}, 0.52}}, {4, {{36, 5, 16, 49}, 0.5}}}
Spinosaurus_.9, {{100, {{36, 5, 16, 49}, 0.97}}}
Spinosaurus_.8, {{11, {{36, 5, 16, 49}, 0.95}}, {89, {{36, 5, 16, 49}, 0.96}}}
Spinosaurus_.7, {{59, {{36, 5, 16, 49}, 0.93}}, {41, {{36, 5, 16, 49}, 0.92}}}
Spinosaurus_.6, {{61, {{36, 5, 16, 49}, 0.87}}, {39, {{36, 5, 16, 49}, 0.86}}}
Spinosaurus_.5, {{99, {{36, 5, 16, 49}, 0.99}}, {1, {{36, 5, 16, 49}, 0.98}}}
Spinosaurus_.4, {{72, {{36, 5, 16, 49}, 0.97}}, {28, {{36, 5, 16, 49}, 0.96}}}
Spinosaurus_.3, {{100, {{36, 5, 16, 49}, 0.95}}}
Spinosaurus_.2, {{53, {{36, 5, 16, 49}, 0.92}}, {47, {{36, 5, 16, 49}, 0.91}}}
Spinosaurus_.1, {{29, {{36, 5, 16, 49}, 0.84}}, {68, {{36, 5, 16, 49}, 0.85}}, {3, {{36, 5, 16, 49}, 0.86}}}
Spinosaurus_, {{1, {{36, 5, 16, 49}, 0.99}}, {99, {{36, 5, 16, 49}, 0.98}}}
Baryonyx.3, {{90, {{36, 5, 16, 49}, 0.81}}, {10, {{36, 5, 16, 49}, 0.82}}}
Baryonyx.2, {{100, {{36, 5, 16, 49}, 0.92}}}
Baryonyx.1, {{100, {{36, 5, 16, 49}, 0.97}}}
Suchomimus.3, {{57, {{36, 5, 16, 49}, 0.34}}, {43, {{36, 5, 16, 49}, 0.33}}}
Suchomimus.2, {{86, {{36, 5, 16, 49}, 0.53}}, {14, {{36, 5, 16, 49}, 0.54}}}
Suchomimus.1, {{2, {{36, 5, 16, 49}, 0.31}}, {24, {{36, 5, 16, 49}, 0.33}}, {74, {{36, 5, 16, 49}, 0.32}}}
Suchomimus, {{18, {{36, 5, 16, 49}, 0.51}}, {82, {{36, 5, 16, 49}, 0.52}}}
Baryonyx, {{100, {{36, 5, 16, 49}, 0.96}}}
Hesperornis, {{32, {{36, 5, 16, 49}, 0.69}}, {68, {{36, 5, 16, 49}, 0.68}}}
Rynochetus_jubatus, {{100, {{36, 5, 16, 49}, 0.03}}}
