Monodelphis_domestica, {{21, {{89, 7, 20, 45}, 0.85}}, {79, {{89, 7, 20, 45}, 0.86}}}
Castor_fiber, {{93, {{89, 7, 20, 45}, 0.63}}, {5, {{89, 7, 20, 45}, 0.62}}, {2, {{89, 7, 20, 45}, 0.64}}}
Desmana_moschata, {{100, {{89, 7, 20, 45}, 0.98}}}
Felis_felis, {{70, {{89, 7, 20, 45}, 0.04}}, {30, {{89, 7, 20, 45}, 0.03}}}
Lama_guanicoe, {{13, {{89, 7, 20, 45}, 0.0}}, {87, {{89, 7, 20, 45}, 0.01}}}
Elomeryx_borbonicus_, {{100, {{89, 7, 20, 45}, 0.06}}}
Hexaprotodon_garyam, {{15, {{89, 7, 20, 45}, 0.45}}, {26, {{89, 7, 20, 45}, 0.43}}, {59, {{89, 7, 20, 45}, 0.44}}}
Neusticosaurus, {{100, {{89, 7, 20, 45}, 1.0}}}
Nothosaurus_mirabilis, {{100, {{89, 7, 20, 45}, 0.99}}}
Nothosaurus_150, {{100, {{89, 7, 20, 45}, 1.0}}}
Ramphorynchus, {{50, {{89, 7, 20, 45}, 0.43}}, {2, {{89, 7, 20, 45}, 0.42}}, {48, {{89, 7, 20, 45}, 0.44}}}
Antetonitrus, {{21, {{89, 7, 20, 45}, 0.56}}, {23, {{89, 7, 20, 45}, 0.53}}, {24, {{89, 7, 20, 45}, 0.54}}, {6, {{89, 7, 20, 45}, 0.57}}, {20, {{89, 7, 20, 45}, 0.55}}, {3, {{89, 7, 20, 45}, 0.52}}, {3, {{89, 7, 20, 45}, 0.58}}}
Masiakasaurus, {{72, {{89, 7, 20, 45}, 0.07}}, {28, {{89, 7, 20, 45}, 0.06}}}
Spinosaurus_.11, {{12, {{89, 7, 20, 45}, 0.3}}, {7, {{89, 7, 20, 45}, 0.34}}, {19, {{89, 7, 20, 45}, 0.33}}, {4, {{89, 7, 20, 45}, 0.35}}, {18, {{89, 7, 20, 45}, 0.32}}, {9, {{89, 7, 20, 45}, 0.28}}, {14, {{89, 7, 20, 45}, 0.29}}, {17, {{89, 7, 20, 45}, 0.31}}}
Spinosaurus_.10, {{20, {{89, 7, 20, 45}, 0.38}}, {19, {{89, 7, 20, 45}, 0.36}}, {19, {{89, 7, 20, 45}, 0.34}}, {12, {{89, 7, 20, 45}, 0.39}}, {5, {{89, 7, 20, 45}, 0.33}}, {6, {{89, 7, 20, 45}, 0.35}}, {1, {{89, 7, 20, 45}, 0.41}}, {13, {{89, 7, 20, 45}, 0.37}}, {5, {{89, 7, 20, 45}, 0.4}}}
Spinosaurus_.9, {{93, {{89, 7, 20, 45}, 0.99}}, {7, {{89, 7, 20, 45}, 0.98}}}
Spinosaurus_.8, {{32, {{89, 7, 20, 45}, 0.97}}, {68, {{89, 7, 20, 45}, 0.98}}}
Spinosaurus_.7, {{20, {{89, 7, 20, 45}, 0.93}}, {12, {{89, 7, 20, 45}, 0.95}}, {68, {{89, 7, 20, 45}, 0.94}}}
Spinosaurus_.6, {{8, {{89, 7, 20, 45}, 0.82}}, {23, {{89, 7, 20, 45}, 0.84}}, {19, {{89, 7, 20, 45}, 0.83}}, {43, {{89, 7, 20, 45}, 0.85}}, {7, {{89, 7, 20, 45}, 0.86}}}
Spinosaurus_.5, {{100, {{89, 7, 20, 45}, 1.0}}}
Spinosaurus_.4, {{100, {{89, 7, 20, 45}, 0.99}}}
Spinosaurus_.3, {{100, {{89, 7, 20, 45}, 0.98}}}
Spinosaurus_.2, {{77, {{89, 7, 20, 45}, 0.95}}, {21, {{89, 7, 20, 45}, 0.94}}, {2, {{89, 7, 20, 45}, 0.96}}}
Spinosaurus_.1, {{7, {{89, 7, 20, 45}, 0.88}}, {4, {{89, 7, 20, 45}, 0.84}}, {40, {{89, 7, 20, 45}, 0.87}}, {22, {{89, 7, 20, 45}, 0.85}}, {27, {{89, 7, 20, 45}, 0.86}}}
Spinosaurus_, {{100, {{89, 7, 20, 45}, 1.0}}}
Baryonyx.3, {{10, {{89, 7, 20, 45}, 0.7}}, {45, {{89, 7, 20, 45}, 0.71}}, {31, {{89, 7, 20, 45}, 0.72}}, {14, {{89, 7, 20, 45}, 0.73}}}
Baryonyx.2, {{6, {{89, 7, 20, 45}, 0.93}}, {93, {{89, 7, 20, 45}, 0.92}}, {1, {{89, 7, 20, 45}, 0.91}}}
Baryonyx.1, {{100, {{89, 7, 20, 45}, 0.98}}}
Suchomimus.3, {{72, {{89, 7, 20, 45}, 0.07}}, {22, {{89, 7, 20, 45}, 0.08}}, {6, {{89, 7, 20, 45}, 0.06}}}
Suchomimus.2, {{40, {{89, 7, 20, 45}, 0.22}}, {37, {{89, 7, 20, 45}, 0.23}}, {12, {{89, 7, 20, 45}, 0.24}}, {1, {{89, 7, 20, 45}, 0.25}}, {10, {{89, 7, 20, 45}, 0.21}}}
Suchomimus.1, {{36, {{89, 7, 20, 45}, 0.07}}, {2, {{89, 7, 20, 45}, 0.09}}, {62, {{89, 7, 20, 45}, 0.08}}}
Suchomimus, {{4, {{89, 7, 20, 45}, 0.26}}, {4, {{89, 7, 20, 45}, 0.22}}, {31, {{89, 7, 20, 45}, 0.23}}, {45, {{89, 7, 20, 45}, 0.24}}, {16, {{89, 7, 20, 45}, 0.25}}}
Baryonyx, {{100, {{89, 7, 20, 45}, 0.98}}}
Gorgosaurus, {{18, {{89, 7, 20, 45}, 0.56}}, {57, {{89, 7, 20, 45}, 0.57}}, {24, {{89, 7, 20, 45}, 0.58}}, {1, {{89, 7, 20, 45}, 0.59}}}
Meleagris, {{100, {{89, 7, 20, 45}, 0.0}}}
Goura_cristata, {{12, {{89, 7, 20, 45}, 0.04}}, {88, {{89, 7, 20, 45}, 0.03}}}
Pelagodroma_marina, {{100, {{89, 7, 20, 45}, 0.02}}}
Spheniscus, {{100, {{89, 7, 20, 45}, 0.99}}}
Mammuthus_sp, {{41, {{91, 7, 18, 46}, 0.62}}, {3, {{91, 8, 18, 45}, 0.62}}, {8, {{90, 7, 19, 46}, 0.63}}, {3, {{90, 7, 19, 46}, 0.62}}, {30, {{91, 7, 18, 46}, 0.63}}, {3, {{90, 7, 19, 46}, 0.64}}, {12, {{91, 8, 18, 45}, 0.61}}}
Cephalophus_silvicultor, {{67, {{91, 7, 18, 46}, 0.12}}, {13, {{91, 8, 18, 45}, 0.12}}, {9, {{90, 7, 19, 46}, 0.13}}, {5, {{90, 7, 19, 46}, 0.12}}, {4, {{91, 7, 18, 46}, 0.13}}, {2, {{91, 8, 18, 45}, 0.11}}}
Syncerus_caffer, {{9, {{90, 7, 19, 46}, 0.5}}, {63, {{91, 7, 18, 46}, 0.49}}, {1, {{91, 7, 18, 46}, 0.48}}, {12, {{91, 8, 18, 45}, 0.48}}, {3, {{91, 8, 18, 45}, 0.49}}, {7, {{91, 7, 18, 46}, 0.5}}, {5, {{90, 7, 19, 46}, 0.49}}}
Ichtyosaurus_, {{31, {{91, 7, 18, 46}, 0.05}}, {15, {{91, 8, 18, 45}, 0.05}}, {40, {{91, 7, 18, 46}, 0.06}}, {1, {{90, 7, 19, 46}, 0.07}}, {13, {{90, 7, 19, 46}, 0.06}}}
Serpianosaurus, {{71, {{91, 7, 18, 46}, 1.0}}, {15, {{91, 8, 18, 45}, 1.0}}, {14, {{90, 7, 19, 46}, 1.0}}}
Cryptoclidus, {{71, {{91, 7, 18, 46}, 1.0}}, {15, {{91, 8, 18, 45}, 1.0}}, {14, {{90, 7, 19, 46}, 1.0}}}
Plesiosaurus, {{71, {{91, 7, 18, 46}, 1.0}}, {15, {{91, 8, 18, 45}, 1.0}}, {14, {{90, 7, 19, 46}, 1.0}}}
Protochampsidae, {{1, {{91, 7, 18, 46}, 0.32}}, {6, {{90, 7, 19, 46}, 0.31}}, {3, {{90, 7, 19, 46}, 0.3}}, {9, {{91, 7, 18, 46}, 0.29}}, {5, {{90, 7, 19, 46}, 0.32}}, {8, {{91, 8, 18, 45}, 0.29}}, {31, {{91, 7, 18, 46}, 0.31}}, {30, {{91, 7, 18, 46}, 0.3}}, {3, {{91, 8, 18, 45}, 0.31}}, {4, {{91, 8, 18, 45}, 0.3}}}
Cricosaurus, {{71, {{91, 7, 18, 46}, 1.0}}, {15, {{91, 8, 18, 45}, 1.0}}, {14, {{90, 7, 19, 46}, 1.0}}}
Spinosaurus_.11, {{4, {{91, 7, 18, 46}, 0.23}}, {4, {{90, 7, 19, 46}, 0.29}}, {12, {{91, 7, 18, 46}, 0.28}}, {2, {{91, 8, 18, 45}, 0.23}}, {1, {{90, 7, 19, 46}, 0.27}}, {1, {{90, 7, 19, 46}, 0.3}}, {7, {{91, 7, 18, 46}, 0.24}}, {3, {{90, 7, 19, 46}, 0.26}}, {9, {{91, 7, 18, 46}, 0.25}}, {4, {{91, 8, 18, 45}, 0.24}}, {5, {{91, 8, 18, 45}, 0.25}}, {3, {{91, 7, 18, 46}, 0.29}}, {4, {{90, 7, 19, 46}, 0.28}}, {19, {{91, 7, 18, 46}, 0.27}}, {1, {{91, 8, 18, 45}, 0.27}}, {3, {{91, 7, 18, 46}, 0.3}}, {1, {{90, 7, 19, 46}, 0.24}}, {14, {{91, 7, 18, 46}, 0.26}}, {3, {{91, 8, 18, 45}, 0.26}}}
Spinosaurus_.10, {{13, {{91, 7, 18, 46}, 0.32}}, {3, {{91, 8, 18, 45}, 0.32}}, {2, {{90, 7, 19, 46}, 0.31}}, {1, {{90, 7, 19, 46}, 0.3}}, {2, {{90, 7, 19, 46}, 0.34}}, {3, {{90, 7, 19, 46}, 0.33}}, {3, {{90, 7, 19, 46}, 0.35}}, {5, {{91, 7, 18, 46}, 0.29}}, {3, {{90, 7, 19, 46}, 0.32}}, {3, {{91, 8, 18, 45}, 0.29}}, {6, {{91, 7, 18, 46}, 0.31}}, {11, {{91, 7, 18, 46}, 0.3}}, {1, {{91, 8, 18, 45}, 0.31}}, {4, {{91, 8, 18, 45}, 0.3}}, {2, {{91, 7, 18, 46}, 0.36}}, {17, {{91, 7, 18, 46}, 0.34}}, {10, {{91, 7, 18, 46}, 0.33}}, {7, {{91, 7, 18, 46}, 0.35}}, {4, {{91, 8, 18, 45}, 0.33}}}
Spinosaurus_.9, {{13, {{90, 7, 19, 46}, 0.99}}, {9, {{91, 7, 18, 46}, 1.0}}, {2, {{91, 8, 18, 45}, 1.0}}, {62, {{91, 7, 18, 46}, 0.99}}, {13, {{91, 8, 18, 45}, 0.99}}, {1, {{90, 7, 19, 46}, 1.0}}}
Spinosaurus_.8, {{14, {{90, 7, 19, 46}, 0.99}}, {71, {{91, 7, 18, 46}, 0.99}}, {15, {{91, 8, 18, 45}, 0.99}}}
Spinosaurus_.7, {{7, {{90, 7, 19, 46}, 0.96}}, {7, {{90, 7, 19, 46}, 0.97}}, {25, {{91, 7, 18, 46}, 0.96}}, {11, {{91, 8, 18, 45}, 0.96}}, {46, {{91, 7, 18, 46}, 0.97}}, {4, {{91, 8, 18, 45}, 0.97}}}
Spinosaurus_.6, {{8, {{91, 8, 18, 45}, 0.88}}, {12, {{91, 7, 18, 46}, 0.87}}, {8, {{90, 7, 19, 46}, 0.89}}, {4, {{91, 8, 18, 45}, 0.87}}, {1, {{91, 7, 18, 46}, 0.9}}, {2, {{90, 7, 19, 46}, 0.88}}, {1, {{90, 7, 19, 46}, 0.87}}, {38, {{91, 7, 18, 46}, 0.89}}, {3, {{91, 8, 18, 45}, 0.89}}, {3, {{90, 7, 19, 46}, 0.9}}, {20, {{91, 7, 18, 46}, 0.88}}}
Spinosaurus_.5, {{71, {{91, 7, 18, 46}, 1.0}}, {15, {{91, 8, 18, 45}, 1.0}}, {14, {{90, 7, 19, 46}, 1.0}}}
Spinosaurus_.4, {{6, {{90, 7, 19, 46}, 0.99}}, {59, {{91, 7, 18, 46}, 1.0}}, {13, {{91, 8, 18, 45}, 1.0}}, {12, {{91, 7, 18, 46}, 0.99}}, {2, {{91, 8, 18, 45}, 0.99}}, {8, {{90, 7, 19, 46}, 1.0}}}
Spinosaurus_.3, {{14, {{90, 7, 19, 46}, 0.99}}, {71, {{91, 7, 18, 46}, 0.99}}, {15, {{91, 8, 18, 45}, 0.99}}}
Spinosaurus_.2, {{14, {{90, 7, 19, 46}, 0.97}}, {2, {{91, 7, 18, 46}, 0.96}}, {69, {{91, 7, 18, 46}, 0.97}}, {15, {{91, 8, 18, 45}, 0.97}}}
Spinosaurus_.1, {{1, {{91, 8, 18, 45}, 0.88}}, {2, {{90, 7, 19, 46}, 0.91}}, {5, {{90, 7, 19, 46}, 0.89}}, {35, {{91, 7, 18, 46}, 0.9}}, {3, {{91, 8, 18, 45}, 0.9}}, {19, {{91, 7, 18, 46}, 0.91}}, {2, {{91, 8, 18, 45}, 0.91}}, {14, {{91, 7, 18, 46}, 0.89}}, {9, {{91, 8, 18, 45}, 0.89}}, {7, {{90, 7, 19, 46}, 0.9}}, {3, {{91, 7, 18, 46}, 0.88}}}
Spinosaurus_, {{71, {{91, 7, 18, 46}, 1.0}}, {15, {{91, 8, 18, 45}, 1.0}}, {14, {{90, 7, 19, 46}, 1.0}}}
Baryonyx.3, {{5, {{90, 7, 19, 46}, 0.77}}, {2, {{91, 7, 18, 46}, 0.74}}, {31, {{91, 7, 18, 46}, 0.76}}, {6, {{91, 8, 18, 45}, 0.74}}, {3, {{91, 8, 18, 45}, 0.76}}, {2, {{90, 7, 19, 46}, 0.75}}, {7, {{91, 7, 18, 46}, 0.77}}, {7, {{90, 7, 19, 46}, 0.76}}, {31, {{91, 7, 18, 46}, 0.75}}, {6, {{91, 8, 18, 45}, 0.75}}}
Baryonyx.2, {{2, {{90, 7, 19, 46}, 0.96}}, {12, {{90, 7, 19, 46}, 0.95}}, {2, {{91, 7, 18, 46}, 0.96}}, {69, {{91, 7, 18, 46}, 0.95}}, {15, {{91, 8, 18, 45}, 0.95}}}
Baryonyx.1, {{14, {{90, 7, 19, 46}, 0.99}}, {71, {{91, 7, 18, 46}, 0.99}}, {15, {{91, 8, 18, 45}, 0.99}}}
Suchomimus.3, {{19, {{91, 7, 18, 46}, 0.05}}, {1, {{90, 7, 19, 46}, 0.04}}, {13, {{90, 7, 19, 46}, 0.05}}, {52, {{91, 7, 18, 46}, 0.04}}, {15, {{91, 8, 18, 45}, 0.04}}}
Suchomimus.2, {{1, {{90, 7, 19, 46}, 0.21}}, {35, {{91, 7, 18, 46}, 0.18}}, {9, {{91, 8, 18, 45}, 0.17}}, {5, {{91, 8, 18, 45}, 0.18}}, {9, {{90, 7, 19, 46}, 0.19}}, {5, {{91, 7, 18, 46}, 0.2}}, {26, {{91, 7, 18, 46}, 0.19}}, {4, {{90, 7, 19, 46}, 0.2}}, {1, {{91, 8, 18, 45}, 0.19}}, {5, {{91, 7, 18, 46}, 0.17}}}
Suchomimus.1, {{52, {{91, 7, 18, 46}, 0.05}}, {1, {{91, 8, 18, 45}, 0.05}}, {14, {{90, 7, 19, 46}, 0.05}}, {19, {{91, 7, 18, 46}, 0.04}}, {14, {{91, 8, 18, 45}, 0.04}}}
Suchomimus, {{4, {{90, 7, 19, 46}, 0.21}}, {5, {{91, 7, 18, 46}, 0.18}}, {10, {{91, 8, 18, 45}, 0.18}}, {30, {{91, 7, 18, 46}, 0.2}}, {1, {{91, 8, 18, 45}, 0.2}}, {5, {{91, 7, 18, 46}, 0.21}}, {1, {{90, 7, 19, 46}, 0.22}}, {31, {{91, 7, 18, 46}, 0.19}}, {9, {{90, 7, 19, 46}, 0.2}}, {4, {{91, 8, 18, 45}, 0.19}}}
Baryonyx, {{14, {{90, 7, 19, 46}, 0.99}}, {71, {{91, 7, 18, 46}, 0.99}}, {15, {{91, 8, 18, 45}, 0.99}}}
Allosaurus_, {{64, {{91, 7, 18, 46}, 0.03}}, {6, {{91, 8, 18, 45}, 0.03}}, {7, {{91, 7, 18, 46}, 0.02}}, {14, {{90, 7, 19, 46}, 0.03}}, {9, {{91, 8, 18, 45}, 0.02}}}
Oviraptor_caenagnathid, {{71, {{91, 7, 18, 46}, 0.01}}, {15, {{91, 8, 18, 45}, 0.01}}, {14, {{90, 7, 19, 46}, 0.01}}}
Oviraptor_, {{14, {{90, 7, 19, 46}, 0.0}}, {71, {{91, 7, 18, 46}, 0.0}}, {15, {{91, 8, 18, 45}, 0.0}}}
Avimaia, {{14, {{90, 7, 19, 46}, 0.0}}, {71, {{91, 7, 18, 46}, 0.0}}, {15, {{91, 8, 18, 45}, 0.0}}}
Gallus_domesticus, {{14, {{90, 7, 19, 46}, 0.0}}, {71, {{91, 7, 18, 46}, 0.0}}, {15, {{91, 8, 18, 45}, 0.0}}}
Anas_erythroincha, {{14, {{91, 8, 18, 45}, 0.09}}, {4, {{91, 7, 18, 46}, 0.08}}, {1, {{91, 8, 18, 45}, 0.08}}, {14, {{90, 7, 19, 46}, 0.09}}, {67, {{91, 7, 18, 46}, 0.09}}}
Xenicus_giliventris, {{14, {{90, 7, 19, 46}, 0.0}}, {71, {{91, 7, 18, 46}, 0.0}}, {15, {{91, 8, 18, 45}, 0.0}}}
Xenicus_longipes, {{14, {{90, 7, 19, 46}, 0.02}}, {71, {{91, 7, 18, 46}, 0.02}}, {15, {{91, 8, 18, 45}, 0.02}}}
Dasyurus_maculatus, {{86, {{90, 8, 17, 46}, 0.63}}, {14, {{90, 8, 17, 46}, 0.62}}}
Myrmecophaga_tridactyla, {{54, {{90, 8, 17, 46}, 0.66}}, {46, {{90, 8, 17, 46}, 0.65}}}
Hemiechinus_azurites, {{100, {{90, 8, 17, 46}, 0.7}}}
Callophoca_obscura, {{52, {{90, 8, 17, 46}, 0.53}}, {48, {{90, 8, 17, 46}, 0.54}}}
Dicerorhinus_sumatrensis, {{9, {{90, 8, 17, 46}, 0.66}}, {81, {{90, 8, 17, 46}, 0.65}}, {10, {{90, 8, 17, 46}, 0.64}}}
Basilosaurus, {{37, {{90, 8, 17, 46}, 0.99}}, {63, {{90, 8, 17, 46}, 0.98}}}
Maiacetus, {{14, {{90, 8, 17, 46}, 0.99}}, {86, {{90, 8, 17, 46}, 1.0}}}
Hippopotamus_amphibius, {{100, {{90, 8, 17, 46}, 0.86}}}
Okapia_johnstoni, {{9, {{90, 8, 17, 46}, 0.14}}, {18, {{90, 8, 17, 46}, 0.16}}, {73, {{90, 8, 17, 46}, 0.15}}}
Bison_bonasus, {{100, {{90, 8, 17, 46}, 0.03}}}
Capreolus_capreolus, {{100, {{90, 8, 17, 46}, 0.01}}}
Alces_americanus, {{89, {{90, 8, 17, 46}, 0.09}}, {3, {{90, 8, 17, 46}, 0.08}}, {8, {{90, 8, 17, 46}, 0.1}}}
Dama_dama, {{100, {{90, 8, 17, 46}, 0.04}}}
Lepidus, {{100, {{90, 8, 17, 46}, 0.01}}}
Spinosaurus_.11, {{13, {{90, 8, 17, 46}, 0.31}}, {11, {{90, 8, 17, 46}, 0.3}}, {4, {{90, 8, 17, 46}, 0.36}}, {17, {{90, 8, 17, 46}, 0.34}}, {20, {{90, 8, 17, 46}, 0.33}}, {10, {{90, 8, 17, 46}, 0.35}}, {17, {{90, 8, 17, 46}, 0.32}}, {7, {{90, 8, 17, 46}, 0.29}}, {1, {{90, 8, 17, 46}, 0.37}}}
Spinosaurus_.10, {{12, {{90, 8, 17, 46}, 0.4}}, {16, {{90, 8, 17, 46}, 0.38}}, {8, {{90, 8, 17, 46}, 0.36}}, {5, {{90, 8, 17, 46}, 0.34}}, {19, {{90, 8, 17, 46}, 0.39}}, {16, {{90, 8, 17, 46}, 0.35}}, {1, {{90, 8, 17, 46}, 0.42}}, {5, {{90, 8, 17, 46}, 0.41}}, {18, {{90, 8, 17, 46}, 0.37}}}
Spinosaurus_.9, {{58, {{90, 8, 17, 46}, 0.99}}, {42, {{90, 8, 17, 46}, 0.98}}}
Spinosaurus_.8, {{69, {{90, 8, 17, 46}, 0.97}}, {31, {{90, 8, 17, 46}, 0.98}}}
Spinosaurus_.7, {{26, {{90, 8, 17, 46}, 0.93}}, {2, {{90, 8, 17, 46}, 0.95}}, {72, {{90, 8, 17, 46}, 0.94}}}
Spinosaurus_.6, {{5, {{90, 8, 17, 46}, 0.82}}, {23, {{90, 8, 17, 46}, 0.84}}, {17, {{90, 8, 17, 46}, 0.83}}, {42, {{90, 8, 17, 46}, 0.85}}, {13, {{90, 8, 17, 46}, 0.86}}}
Spinosaurus_.5, {{10, {{90, 8, 17, 46}, 0.99}}, {90, {{90, 8, 17, 46}, 1.0}}}
Spinosaurus_.4, {{92, {{90, 8, 17, 46}, 0.99}}, {8, {{90, 8, 17, 46}, 0.98}}}
Spinosaurus_.3, {{20, {{90, 8, 17, 46}, 0.97}}, {80, {{90, 8, 17, 46}, 0.98}}}
Spinosaurus_.2, {{1, {{90, 8, 17, 46}, 0.93}}, {49, {{90, 8, 17, 46}, 0.95}}, {50, {{90, 8, 17, 46}, 0.94}}}
Spinosaurus_.1, {{2, {{90, 8, 17, 46}, 0.88}}, {12, {{90, 8, 17, 46}, 0.84}}, {30, {{90, 8, 17, 46}, 0.87}}, {25, {{90, 8, 17, 46}, 0.85}}, {31, {{90, 8, 17, 46}, 0.86}}}
Spinosaurus_, {{100, {{90, 8, 17, 46}, 1.0}}}
Baryonyx.3, {{17, {{90, 8, 17, 46}, 0.72}}, {55, {{90, 8, 17, 46}, 0.73}}, {4, {{90, 8, 17, 46}, 0.75}}, {1, {{90, 8, 17, 46}, 0.71}}, {23, {{90, 8, 17, 46}, 0.74}}}
Baryonyx.2, {{1, {{90, 8, 17, 46}, 0.91}}, {6, {{90, 8, 17, 46}, 0.93}}, {93, {{90, 8, 17, 46}, 0.92}}}
Baryonyx.1, {{100, {{90, 8, 17, 46}, 0.98}}}
Suchomimus.3, {{69, {{90, 8, 17, 46}, 0.09}}, {19, {{90, 8, 17, 46}, 0.08}}, {12, {{90, 8, 17, 46}, 0.1}}}
Suchomimus.2, {{19, {{90, 8, 17, 46}, 0.27}}, {39, {{90, 8, 17, 46}, 0.26}}, {4, {{90, 8, 17, 46}, 0.28}}, {6, {{90, 8, 17, 46}, 0.24}}, {32, {{90, 8, 17, 46}, 0.25}}}
Suchomimus.1, {{1, {{90, 8, 17, 46}, 0.11}}, {58, {{90, 8, 17, 46}, 0.09}}, {1, {{90, 8, 17, 46}, 0.08}}, {40, {{90, 8, 17, 46}, 0.1}}}
Suchomimus, {{42, {{90, 8, 17, 46}, 0.27}}, {33, {{90, 8, 17, 46}, 0.26}}, {15, {{90, 8, 17, 46}, 0.28}}, {7, {{90, 8, 17, 46}, 0.25}}, {3, {{90, 8, 17, 46}, 0.29}}}
Baryonyx, {{24, {{90, 8, 17, 46}, 0.97}}, {76, {{90, 8, 17, 46}, 0.98}}}
Tyrannosaurus, {{14, {{90, 8, 17, 46}, 0.31}}, {1, {{90, 8, 17, 46}, 0.3}}, {8, {{90, 8, 17, 46}, 0.34}}, {42, {{90, 8, 17, 46}, 0.33}}, {35, {{90, 8, 17, 46}, 0.32}}}
Apteryx_australis, {{31, {{90, 8, 17, 46}, 0.16}}, {69, {{90, 8, 17, 46}, 0.15}}}
Phoenicopterus_roseus, {{100, {{90, 8, 17, 46}, 0.0}}}
Aptenodytes______, {{8, {{90, 8, 17, 46}, 0.99}}, {92, {{90, 8, 17, 46}, 0.98}}}
Chironectes_minimus, {{2, {{90, 7, 18, 46}, 0.96}}, {98, {{90, 8, 18, 45}, 0.96}}}
Tamandua_tetradactyla, {{2, {{90, 7, 18, 46}, 0.83}}, {93, {{90, 8, 18, 45}, 0.83}}, {5, {{90, 8, 18, 45}, 0.82}}}
Leptophoca_proxima, {{2, {{90, 7, 18, 46}, 0.47}}, {43, {{90, 8, 18, 45}, 0.47}}, {54, {{90, 8, 18, 45}, 0.46}}, {1, {{90, 8, 18, 45}, 0.45}}}
Ursus_maritimus, {{28, {{90, 8, 18, 45}, 0.06}}, {2, {{90, 7, 18, 46}, 0.07}}, {70, {{90, 8, 18, 45}, 0.07}}}
Uncia_uncia, {{3, {{90, 8, 18, 45}, 0.12}}, {2, {{90, 7, 18, 46}, 0.14}}, {18, {{90, 8, 18, 45}, 0.14}}, {77, {{90, 8, 18, 45}, 0.13}}}
Indohyus, {{2, {{90, 7, 18, 46}, 0.97}}, {25, {{90, 8, 18, 45}, 0.97}}, {73, {{90, 8, 18, 45}, 0.98}}}
Bos_taurus, {{2, {{90, 7, 18, 46}, 0.36}}, {7, {{90, 8, 18, 45}, 0.36}}, {33, {{90, 8, 18, 45}, 0.34}}, {58, {{90, 8, 18, 45}, 0.35}}}
Rangifer_tarandus, {{2, {{90, 7, 18, 46}, 0.0}}, {98, {{90, 8, 18, 45}, 0.0}}}
Chapsosaurus_, {{2, {{90, 7, 18, 46}, 1.0}}, {98, {{90, 8, 18, 45}, 1.0}}}
Metryorhynchus, {{2, {{90, 7, 18, 46}, 0.97}}, {89, {{90, 8, 18, 45}, 0.97}}, {9, {{90, 8, 18, 45}, 0.98}}}
Dyrosaurid, {{2, {{90, 7, 18, 46}, 0.11}}, {20, {{90, 8, 18, 45}, 0.11}}, {1, {{90, 8, 18, 45}, 0.09}}, {77, {{90, 8, 18, 45}, 0.1}}}
Pterosaur_Tremp, {{2, {{90, 7, 18, 46}, 0.0}}, {98, {{90, 8, 18, 45}, 0.0}}}
Spinosaurus_.11, {{16, {{90, 8, 18, 45}, 0.24}}, {13, {{90, 8, 18, 45}, 0.25}}, {1, {{90, 7, 18, 46}, 0.29}}, {6, {{90, 8, 18, 45}, 0.29}}, {19, {{90, 8, 18, 45}, 0.27}}, {1, {{90, 7, 18, 46}, 0.3}}, {1, {{90, 8, 18, 45}, 0.3}}, {20, {{90, 8, 18, 45}, 0.26}}, {1, {{90, 8, 18, 45}, 0.22}}, {10, {{90, 8, 18, 45}, 0.23}}, {12, {{90, 8, 18, 45}, 0.28}}}
Spinosaurus_.10, {{15, {{90, 8, 18, 45}, 0.29}}, {19, {{90, 8, 18, 45}, 0.31}}, {9, {{90, 8, 18, 45}, 0.3}}, {1, {{90, 7, 18, 46}, 0.34}}, {1, {{90, 7, 18, 46}, 0.33}}, {8, {{90, 8, 18, 45}, 0.34}}, {18, {{90, 8, 18, 45}, 0.33}}, {5, {{90, 8, 18, 45}, 0.35}}, {18, {{90, 8, 18, 45}, 0.32}}, {6, {{90, 8, 18, 45}, 0.28}}}
Spinosaurus_.9, {{2, {{90, 7, 18, 46}, 0.99}}, {98, {{90, 8, 18, 45}, 0.99}}}
Spinosaurus_.8, {{32, {{90, 8, 18, 45}, 0.99}}, {2, {{90, 7, 18, 46}, 0.98}}, {66, {{90, 8, 18, 45}, 0.98}}}
Spinosaurus_.7, {{1, {{90, 7, 18, 46}, 0.96}}, {54, {{90, 8, 18, 45}, 0.96}}, {1, {{90, 7, 18, 46}, 0.95}}, {44, {{90, 8, 18, 45}, 0.95}}}
Spinosaurus_.6, {{19, {{90, 8, 18, 45}, 0.85}}, {1, {{90, 7, 18, 46}, 0.86}}, {27, {{90, 8, 18, 45}, 0.86}}, {6, {{90, 8, 18, 45}, 0.88}}, {5, {{90, 8, 18, 45}, 0.84}}, {1, {{90, 7, 18, 46}, 0.87}}, {41, {{90, 8, 18, 45}, 0.87}}}
Spinosaurus_.5, {{2, {{90, 7, 18, 46}, 1.0}}, {98, {{90, 8, 18, 45}, 1.0}}}
Spinosaurus_.4, {{2, {{90, 7, 18, 46}, 0.99}}, {98, {{90, 8, 18, 45}, 0.99}}}
Spinosaurus_.3, {{2, {{90, 7, 18, 46}, 0.99}}, {83, {{90, 8, 18, 45}, 0.99}}, {15, {{90, 8, 18, 45}, 0.98}}}
Spinosaurus_.2, {{2, {{90, 7, 18, 46}, 0.96}}, {86, {{90, 8, 18, 45}, 0.96}}, {7, {{90, 8, 18, 45}, 0.97}}, {5, {{90, 8, 18, 45}, 0.95}}}
Spinosaurus_.1, {{1, {{90, 8, 18, 45}, 0.9}}, {12, {{90, 8, 18, 45}, 0.86}}, {1, {{90, 7, 18, 46}, 0.89}}, {27, {{90, 8, 18, 45}, 0.89}}, {1, {{90, 7, 18, 46}, 0.88}}, {33, {{90, 8, 18, 45}, 0.88}}, {25, {{90, 8, 18, 45}, 0.87}}}
Spinosaurus_, {{2, {{90, 7, 18, 46}, 1.0}}, {98, {{90, 8, 18, 45}, 1.0}}}
Baryonyx.3, {{2, {{90, 7, 18, 46}, 0.74}}, {18, {{90, 8, 18, 45}, 0.74}}, {26, {{90, 8, 18, 45}, 0.72}}, {46, {{90, 8, 18, 45}, 0.73}}, {4, {{90, 8, 18, 45}, 0.75}}, {4, {{90, 8, 18, 45}, 0.71}}}
Baryonyx.2, {{4, {{90, 8, 18, 45}, 0.93}}, {2, {{90, 7, 18, 46}, 0.94}}, {94, {{90, 8, 18, 45}, 0.94}}}
Baryonyx.1, {{2, {{90, 7, 18, 46}, 0.99}}, {98, {{90, 8, 18, 45}, 0.99}}}
Suchomimus.3, {{77, {{90, 8, 18, 45}, 0.05}}, {2, {{90, 7, 18, 46}, 0.06}}, {4, {{90, 8, 18, 45}, 0.06}}, {17, {{90, 8, 18, 45}, 0.04}}}
Suchomimus.2, {{1, {{90, 7, 18, 46}, 0.2}}, {16, {{90, 8, 18, 45}, 0.2}}, {1, {{90, 7, 18, 46}, 0.21}}, {2, {{90, 8, 18, 45}, 0.21}}, {40, {{90, 8, 18, 45}, 0.19}}, {8, {{90, 8, 18, 45}, 0.17}}, {32, {{90, 8, 18, 45}, 0.18}}}
Suchomimus.1, {{84, {{90, 8, 18, 45}, 0.05}}, {2, {{90, 7, 18, 46}, 0.06}}, {13, {{90, 8, 18, 45}, 0.06}}, {1, {{90, 8, 18, 45}, 0.04}}}
Suchomimus, {{45, {{90, 8, 18, 45}, 0.2}}, {1, {{90, 7, 18, 46}, 0.21}}, {11, {{90, 8, 18, 45}, 0.21}}, {30, {{90, 8, 18, 45}, 0.19}}, {1, {{90, 7, 18, 46}, 0.22}}, {2, {{90, 8, 18, 45}, 0.22}}, {10, {{90, 8, 18, 45}, 0.18}}}
Baryonyx, {{2, {{90, 7, 18, 46}, 0.99}}, {67, {{90, 8, 18, 45}, 0.99}}, {31, {{90, 8, 18, 45}, 0.98}}}
Deinonychus, {{1, {{90, 8, 18, 45}, 0.2}}, {31, {{90, 8, 18, 45}, 0.21}}, {2, {{90, 7, 18, 46}, 0.23}}, {51, {{90, 8, 18, 45}, 0.22}}, {15, {{90, 8, 18, 45}, 0.23}}}
Eudromia_elegans, {{1, {{90, 7, 18, 46}, 0.03}}, {5, {{90, 8, 18, 45}, 0.03}}, {1, {{90, 7, 18, 46}, 0.02}}, {93, {{90, 8, 18, 45}, 0.02}}}
Crypturellus_tataupa, {{2, {{90, 7, 18, 46}, 0.02}}, {98, {{90, 8, 18, 45}, 0.02}}}
Anas_aucklandica, {{1, {{90, 8, 18, 45}, 0.01}}, {2, {{90, 7, 18, 46}, 0.02}}, {97, {{90, 8, 18, 45}, 0.02}}}
Caloenas_nicobarica, {{2, {{90, 7, 18, 46}, 0.0}}, {98, {{90, 8, 18, 45}, 0.0}}}
Nestor_notabilis, {{2, {{90, 7, 18, 46}, 0.0}}, {98, {{90, 8, 18, 45}, 0.0}}}
Loxodonta_africana, {{70, {{87, 8, 20, 46}, 0.9}}, {2, {{87, 8, 20, 46}, 0.89}}, {27, {{88, 8, 19, 46}, 0.9}}, {1, {{88, 8, 19, 46}, 0.89}}}
Noemys_fodies, {{1, {{88, 8, 19, 46}, 0.61}}, {24, {{88, 8, 19, 46}, 0.6}}, {16, {{87, 8, 20, 46}, 0.59}}, {56, {{87, 8, 20, 46}, 0.6}}, {3, {{88, 8, 19, 46}, 0.59}}}
Taxidea_taxus, {{37, {{87, 8, 20, 46}, 0.37}}, {35, {{87, 8, 20, 46}, 0.38}}, {23, {{88, 8, 19, 46}, 0.37}}, {5, {{88, 8, 19, 46}, 0.38}}}
Procyon_lotor, {{3, {{87, 8, 20, 46}, 0.24}}, {3, {{88, 8, 19, 46}, 0.26}}, {57, {{87, 8, 20, 46}, 0.25}}, {12, {{87, 8, 20, 46}, 0.26}}, {2, {{88, 8, 19, 46}, 0.24}}, {23, {{88, 8, 19, 46}, 0.25}}}
Otaria_byronia, {{72, {{87, 8, 20, 46}, 0.85}}, {28, {{88, 8, 19, 46}, 0.85}}}
Paguma_larvata, {{30, {{87, 8, 20, 46}, 0.24}}, {42, {{87, 8, 20, 46}, 0.25}}, {22, {{88, 8, 19, 46}, 0.24}}, {6, {{88, 8, 19, 46}, 0.25}}}
Remingtonocetus, {{8, {{88, 8, 19, 46}, 0.69}}, {58, {{87, 8, 20, 46}, 0.7}}, {14, {{87, 8, 20, 46}, 0.69}}, {20, {{88, 8, 19, 46}, 0.7}}}
Brachyodus_onoideum, {{13, {{88, 8, 19, 46}, 0.6}}, {26, {{87, 8, 20, 46}, 0.59}}, {1, {{87, 8, 20, 46}, 0.61}}, {45, {{87, 8, 20, 46}, 0.6}}, {15, {{88, 8, 19, 46}, 0.59}}}
Pogona_viceps, {{28, {{88, 8, 19, 46}, 0.01}}, {72, {{87, 8, 20, 46}, 0.01}}}
Poposaurus, {{28, {{88, 8, 19, 46}, 0.0}}, {72, {{87, 8, 20, 46}, 0.0}}}
Fruitadens, {{18, {{88, 8, 19, 46}, 0.1}}, {44, {{87, 8, 20, 46}, 0.11}}, {27, {{87, 8, 20, 46}, 0.1}}, {1, {{87, 8, 20, 46}, 0.12}}, {10, {{88, 8, 19, 46}, 0.11}}}
Mussaurus, {{2, {{87, 8, 20, 46}, 0.24}}, {6, {{88, 8, 19, 46}, 0.26}}, {10, {{87, 8, 20, 46}, 0.25}}, {13, {{87, 8, 20, 46}, 0.29}}, {1, {{88, 8, 19, 46}, 0.23}}, {3, {{88, 8, 19, 46}, 0.28}}, {18, {{87, 8, 20, 46}, 0.27}}, {16, {{87, 8, 20, 46}, 0.26}}, {2, {{88, 8, 19, 46}, 0.24}}, {10, {{88, 8, 19, 46}, 0.25}}, {3, {{88, 8, 19, 46}, 0.29}}, {13, {{87, 8, 20, 46}, 0.28}}, {3, {{88, 8, 19, 46}, 0.27}}}
Spinosaurus_.11, {{7, {{88, 8, 19, 46}, 0.33}}, {6, {{88, 8, 19, 46}, 0.35}}, {6, {{87, 8, 20, 46}, 0.37}}, {4, {{88, 8, 19, 46}, 0.32}}, {10, {{87, 8, 20, 46}, 0.31}}, {5, {{87, 8, 20, 46}, 0.3}}, {2, {{87, 8, 20, 46}, 0.38}}, {7, {{87, 8, 20, 46}, 0.36}}, {17, {{87, 8, 20, 46}, 0.34}}, {6, {{87, 8, 20, 46}, 0.33}}, {13, {{87, 8, 20, 46}, 0.35}}, {6, {{87, 8, 20, 46}, 0.32}}, {1, {{88, 8, 19, 46}, 0.37}}, {1, {{88, 8, 19, 46}, 0.31}}, {1, {{88, 8, 19, 46}, 0.3}}, {2, {{88, 8, 19, 46}, 0.38}}, {3, {{88, 8, 19, 46}, 0.36}}, {3, {{88, 8, 19, 46}, 0.34}}}
Spinosaurus_.10, {{9, {{87, 8, 20, 46}, 0.41}}, {5, {{88, 8, 19, 46}, 0.39}}, {1, {{88, 8, 19, 46}, 0.43}}, {4, {{87, 8, 20, 46}, 0.37}}, {13, {{87, 8, 20, 46}, 0.4}}, {14, {{87, 8, 20, 46}, 0.38}}, {12, {{87, 8, 20, 46}, 0.36}}, {1, {{88, 8, 19, 46}, 0.42}}, {9, {{87, 8, 20, 46}, 0.39}}, {5, {{88, 8, 19, 46}, 0.41}}, {6, {{87, 8, 20, 46}, 0.35}}, {3, {{88, 8, 19, 46}, 0.37}}, {4, {{88, 8, 19, 46}, 0.4}}, {4, {{88, 8, 19, 46}, 0.38}}, {5, {{88, 8, 19, 46}, 0.36}}, {5, {{87, 8, 20, 46}, 0.42}}}
Spinosaurus_.9, {{26, {{88, 8, 19, 46}, 0.98}}, {72, {{87, 8, 20, 46}, 0.98}}, {2, {{88, 8, 19, 46}, 0.99}}}
Spinosaurus_.8, {{2, {{87, 8, 20, 46}, 0.96}}, {70, {{87, 8, 20, 46}, 0.97}}, {28, {{88, 8, 19, 46}, 0.97}}}
Spinosaurus_.7, {{4, {{87, 8, 20, 46}, 0.92}}, {13, {{88, 8, 19, 46}, 0.93}}, {15, {{88, 8, 19, 46}, 0.94}}, {31, {{87, 8, 20, 46}, 0.93}}, {37, {{87, 8, 20, 46}, 0.94}}}
Spinosaurus_.6, {{33, {{87, 8, 20, 46}, 0.85}}, {7, {{88, 8, 19, 46}, 0.84}}, {8, {{87, 8, 20, 46}, 0.86}}, {6, {{88, 8, 19, 46}, 0.83}}, {9, {{88, 8, 19, 46}, 0.85}}, {4, {{87, 8, 20, 46}, 0.82}}, {15, {{87, 8, 20, 46}, 0.84}}, {6, {{88, 8, 19, 46}, 0.86}}, {12, {{87, 8, 20, 46}, 0.83}}}
Spinosaurus_.5, {{3, {{87, 8, 20, 46}, 1.0}}, {69, {{87, 8, 20, 46}, 0.99}}, {7, {{88, 8, 19, 46}, 1.0}}, {21, {{88, 8, 19, 46}, 0.99}}}
Spinosaurus_.4, {{18, {{88, 8, 19, 46}, 0.98}}, {4, {{87, 8, 20, 46}, 0.99}}, {68, {{87, 8, 20, 46}, 0.98}}, {10, {{88, 8, 19, 46}, 0.99}}}
Spinosaurus_.3, {{4, {{88, 8, 19, 46}, 0.98}}, {71, {{87, 8, 20, 46}, 0.97}}, {1, {{87, 8, 20, 46}, 0.98}}, {24, {{88, 8, 19, 46}, 0.97}}}
Spinosaurus_.2, {{10, {{88, 8, 19, 46}, 0.93}}, {1, {{88, 8, 19, 46}, 0.95}}, {17, {{88, 8, 19, 46}, 0.94}}, {23, {{87, 8, 20, 46}, 0.93}}, {49, {{87, 8, 20, 46}, 0.94}}}
Spinosaurus_.1, {{22, {{87, 8, 20, 46}, 0.85}}, {6, {{88, 8, 19, 46}, 0.84}}, {24, {{87, 8, 20, 46}, 0.86}}, {1, {{88, 8, 19, 46}, 0.87}}, {1, {{88, 8, 19, 46}, 0.83}}, {7, {{88, 8, 19, 46}, 0.85}}, {13, {{87, 8, 20, 46}, 0.84}}, {13, {{88, 8, 19, 46}, 0.86}}, {3, {{87, 8, 20, 46}, 0.87}}, {10, {{87, 8, 20, 46}, 0.83}}}
Spinosaurus_, {{13, {{87, 8, 20, 46}, 1.0}}, {59, {{87, 8, 20, 46}, 0.99}}, {14, {{88, 8, 19, 46}, 1.0}}, {14, {{88, 8, 19, 46}, 0.99}}}
Baryonyx.3, {{10, {{88, 8, 19, 46}, 0.75}}, {5, {{87, 8, 20, 46}, 0.73}}, {13, {{88, 8, 19, 46}, 0.74}}, {4, {{88, 8, 19, 46}, 0.76}}, {25, {{87, 8, 20, 46}, 0.75}}, {1, {{88, 8, 19, 46}, 0.73}}, {39, {{87, 8, 20, 46}, 0.74}}, {3, {{87, 8, 20, 46}, 0.76}}}
Baryonyx.2, {{68, {{87, 8, 20, 46}, 0.92}}, {1, {{88, 8, 19, 46}, 0.93}}, {3, {{87, 8, 20, 46}, 0.91}}, {1, {{87, 8, 20, 46}, 0.93}}, {26, {{88, 8, 19, 46}, 0.92}}, {1, {{88, 8, 19, 46}, 0.91}}}
Baryonyx.1, {{28, {{88, 8, 19, 46}, 0.98}}, {72, {{87, 8, 20, 46}, 0.98}}}
Suchomimus.3, {{1, {{88, 8, 19, 46}, 0.1}}, {8, {{88, 8, 19, 46}, 0.12}}, {34, {{87, 8, 20, 46}, 0.11}}, {4, {{87, 8, 20, 46}, 0.13}}, {4, {{87, 8, 20, 46}, 0.1}}, {30, {{87, 8, 20, 46}, 0.12}}, {16, {{88, 8, 19, 46}, 0.11}}, {3, {{88, 8, 19, 46}, 0.13}}}
Suchomimus.2, {{25, {{87, 8, 20, 46}, 0.29}}, {2, {{88, 8, 19, 46}, 0.32}}, {4, {{88, 8, 19, 46}, 0.28}}, {11, {{87, 8, 20, 46}, 0.31}}, {25, {{87, 8, 20, 46}, 0.3}}, {2, {{87, 8, 20, 46}, 0.32}}, {11, {{88, 8, 19, 46}, 0.29}}, {9, {{87, 8, 20, 46}, 0.28}}, {4, {{88, 8, 19, 46}, 0.31}}, {7, {{88, 8, 19, 46}, 0.3}}}
Suchomimus.1, {{13, {{88, 8, 19, 46}, 0.12}}, {28, {{87, 8, 20, 46}, 0.11}}, {6, {{87, 8, 20, 46}, 0.13}}, {38, {{87, 8, 20, 46}, 0.12}}, {13, {{88, 8, 19, 46}, 0.11}}, {2, {{88, 8, 19, 46}, 0.13}}}
Suchomimus, {{19, {{87, 8, 20, 46}, 0.29}}, {3, {{88, 8, 19, 46}, 0.32}}, {21, {{87, 8, 20, 46}, 0.31}}, {25, {{87, 8, 20, 46}, 0.3}}, {6, {{87, 8, 20, 46}, 0.32}}, {11, {{88, 8, 19, 46}, 0.29}}, {1, {{87, 8, 20, 46}, 0.28}}, {6, {{88, 8, 19, 46}, 0.31}}, {8, {{88, 8, 19, 46}, 0.3}}}
Baryonyx, {{2, {{88, 8, 19, 46}, 0.98}}, {71, {{87, 8, 20, 46}, 0.97}}, {1, {{87, 8, 20, 46}, 0.98}}, {26, {{88, 8, 19, 46}, 0.97}}}
Hesperornis, {{2, {{87, 8, 20, 46}, 0.85}}, {59, {{87, 8, 20, 46}, 0.86}}, {3, {{88, 8, 19, 46}, 0.87}}, {1, {{88, 8, 19, 46}, 0.85}}, {24, {{88, 8, 19, 46}, 0.86}}, {11, {{87, 8, 20, 46}, 0.87}}}
Anseranas_semipalmata, {{28, {{88, 8, 19, 46}, 0.01}}, {72, {{87, 8, 20, 46}, 0.01}}}
Psophia_crepitans_napensis, {{27, {{88, 8, 19, 46}, 0.07}}, {72, {{87, 8, 20, 46}, 0.07}}, {1, {{88, 8, 19, 46}, 0.06}}}
Porphyrio_Poliocephalus, {{71, {{87, 8, 20, 46}, 0.03}}, {1, {{87, 8, 20, 46}, 0.04}}, {28, {{88, 8, 19, 46}, 0.03}}}
Porzana_carolina, {{17, {{88, 8, 19, 46}, 0.05}}, {6, {{87, 8, 20, 46}, 0.04}}, {66, {{87, 8, 20, 46}, 0.05}}, {11, {{88, 8, 19, 46}, 0.04}}}
Palaeospheniscus, {{18, {{88, 8, 19, 46}, 0.95}}, {10, {{88, 8, 19, 46}, 0.94}}, {31, {{87, 8, 20, 46}, 0.95}}, {41, {{87, 8, 20, 46}, 0.94}}}
Elephas_maximus, {{20, {{86, 8, 20, 47}, 0.66}}, {73, {{86, 8, 20, 47}, 0.65}}, {7, {{86, 8, 20, 47}, 0.64}}}
Rhynchocyon_petersi, {{100, {{86, 8, 20, 47}, 0.01}}}
Diplomesodon_pulchellum, {{2, {{86, 8, 20, 47}, 0.88}}, {95, {{86, 8, 20, 47}, 0.87}}, {3, {{86, 8, 20, 47}, 0.86}}}
Meles_meles, {{33, {{86, 8, 20, 47}, 0.16}}, {67, {{86, 8, 20, 47}, 0.15}}}
Vulpes_vulpes, {{96, {{86, 8, 20, 47}, 0.02}}, {4, {{86, 8, 20, 47}, 0.03}}}
Rhinoceros_sondaicus, {{1, {{86, 8, 20, 47}, 0.4}}, {14, {{86, 8, 20, 47}, 0.43}}, {58, {{86, 8, 20, 47}, 0.42}}, {27, {{86, 8, 20, 47}, 0.41}}}
Rodhocetus, {{100, {{86, 8, 20, 47}, 0.98}}}
Rupicapra_rupicapra, {{100, {{86, 8, 20, 47}, 0.0}}}
Placodontia_indet_1, {{100, {{86, 8, 20, 47}, 1.0}}}
Rhaeticosaurus, {{100, {{86, 8, 20, 47}, 1.0}}}
Nothosaurus_102, {{100, {{86, 8, 20, 47}, 1.0}}}
Sphenodon_punctatus, {{97, {{86, 8, 20, 47}, 0.88}}, {3, {{86, 8, 20, 47}, 0.87}}}
Scutellosaurus_lawleri, {{31, {{86, 8, 20, 47}, 0.4}}, {1, {{86, 8, 20, 47}, 0.38}}, {23, {{86, 8, 20, 47}, 0.39}}, {3, {{86, 8, 20, 47}, 0.43}}, {19, {{86, 8, 20, 47}, 0.42}}, {23, {{86, 8, 20, 47}, 0.41}}}
Spinosaurus_.11, {{11, {{86, 8, 20, 47}, 0.31}}, {16, {{86, 8, 20, 47}, 0.3}}, {2, {{86, 8, 20, 47}, 0.36}}, {14, {{86, 8, 20, 47}, 0.34}}, {22, {{86, 8, 20, 47}, 0.33}}, {5, {{86, 8, 20, 47}, 0.35}}, {23, {{86, 8, 20, 47}, 0.32}}, {7, {{86, 8, 20, 47}, 0.29}}}
Spinosaurus_.10, {{14, {{86, 8, 20, 47}, 0.4}}, {20, {{86, 8, 20, 47}, 0.38}}, {16, {{86, 8, 20, 47}, 0.36}}, {19, {{86, 8, 20, 47}, 0.39}}, {11, {{86, 8, 20, 47}, 0.35}}, {5, {{86, 8, 20, 47}, 0.41}}, {15, {{86, 8, 20, 47}, 0.37}}}
Spinosaurus_.9, {{100, {{86, 8, 20, 47}, 0.99}}}
Spinosaurus_.8, {{100, {{86, 8, 20, 47}, 0.98}}}
Spinosaurus_.7, {{74, {{86, 8, 20, 47}, 0.95}}, {2, {{86, 8, 20, 47}, 0.94}}, {24, {{86, 8, 20, 47}, 0.96}}}
Spinosaurus_.6, {{6, {{86, 8, 20, 47}, 0.88}}, {48, {{86, 8, 20, 47}, 0.87}}, {15, {{86, 8, 20, 47}, 0.85}}, {31, {{86, 8, 20, 47}, 0.86}}}
Spinosaurus_.5, {{100, {{86, 8, 20, 47}, 1.0}}}
Spinosaurus_.4, {{100, {{86, 8, 20, 47}, 0.99}}}
Spinosaurus_.3, {{53, {{86, 8, 20, 47}, 0.99}}, {47, {{86, 8, 20, 47}, 0.98}}}
Spinosaurus_.2, {{4, {{86, 8, 20, 47}, 0.95}}, {96, {{86, 8, 20, 47}, 0.96}}}
Spinosaurus_.1, {{38, {{86, 8, 20, 47}, 0.88}}, {12, {{86, 8, 20, 47}, 0.87}}, {2, {{86, 8, 20, 47}, 0.9}}, {48, {{86, 8, 20, 47}, 0.89}}}
Spinosaurus_, {{100, {{86, 8, 20, 47}, 1.0}}}
Baryonyx.3, {{16, {{86, 8, 20, 47}, 0.75}}, {56, {{86, 8, 20, 47}, 0.74}}, {3, {{86, 8, 20, 47}, 0.72}}, {25, {{86, 8, 20, 47}, 0.73}}}
Baryonyx.2, {{58, {{86, 8, 20, 47}, 0.93}}, {42, {{86, 8, 20, 47}, 0.94}}}
Baryonyx.1, {{100, {{86, 8, 20, 47}, 0.99}}}
Suchomimus.3, {{52, {{86, 8, 20, 47}, 0.07}}, {1, {{86, 8, 20, 47}, 0.08}}, {47, {{86, 8, 20, 47}, 0.06}}}
Suchomimus.2, {{44, {{86, 8, 20, 47}, 0.22}}, {31, {{86, 8, 20, 47}, 0.23}}, {7, {{86, 8, 20, 47}, 0.24}}, {18, {{86, 8, 20, 47}, 0.21}}}
Suchomimus.1, {{86, {{86, 8, 20, 47}, 0.07}}, {11, {{86, 8, 20, 47}, 0.08}}, {3, {{86, 8, 20, 47}, 0.06}}}
Suchomimus, {{2, {{86, 8, 20, 47}, 0.26}}, {5, {{86, 8, 20, 47}, 0.22}}, {38, {{86, 8, 20, 47}, 0.23}}, {42, {{86, 8, 20, 47}, 0.24}}, {13, {{86, 8, 20, 47}, 0.25}}}
Baryonyx, {{100, {{86, 8, 20, 47}, 0.98}}}
Gobiraptor_, {{93, {{86, 8, 20, 47}, 0.07}}, {7, {{86, 8, 20, 47}, 0.08}}}
Tribonyx_mortieri, {{2, {{86, 8, 20, 47}, 0.07}}, {98, {{86, 8, 20, 47}, 0.08}}}
Strigiops_habroptilus, {{100, {{86, 8, 20, 47}, 0.01}}}
Turdus_olivator, {{40, {{86, 8, 20, 47}, 0.04}}, {60, {{86, 8, 20, 47}, 0.03}}}
Fregata_aquila, {{100, {{86, 8, 20, 47}, 0.0}}}
Micropotamogale_euwenzorii, {{45, {{90, 9, 18, 44}, 0.96}}, {35, {{88, 9, 20, 44}, 0.96}}, {20, {{89, 9, 19, 44}, 0.96}}}
Mus_musculus, {{35, {{88, 9, 20, 44}, 0.01}}, {20, {{89, 9, 19, 44}, 0.01}}, {45, {{90, 9, 18, 44}, 0.01}}}
Nanophoca_vitulinoides, {{35, {{88, 9, 20, 44}, 1.0}}, {20, {{89, 9, 19, 44}, 1.0}}, {45, {{90, 9, 18, 44}, 1.0}}}
Giraffa_camelopardalis, {{1, {{90, 9, 18, 44}, 0.02}}, {35, {{88, 9, 20, 44}, 0.03}}, {20, {{89, 9, 19, 44}, 0.03}}, {44, {{90, 9, 18, 44}, 0.03}}}
Champsosaurus, {{35, {{88, 9, 20, 44}, 1.0}}, {20, {{89, 9, 19, 44}, 1.0}}, {45, {{90, 9, 18, 44}, 1.0}}}
Simosaurus_1, {{10, {{88, 9, 20, 44}, 0.89}}, {1, {{89, 9, 19, 44}, 0.89}}, {5, {{90, 9, 18, 44}, 0.89}}, {21, {{88, 9, 20, 44}, 0.88}}, {15, {{89, 9, 19, 44}, 0.88}}, {4, {{88, 9, 20, 44}, 0.87}}, {33, {{90, 9, 18, 44}, 0.88}}, {4, {{89, 9, 19, 44}, 0.87}}, {7, {{90, 9, 18, 44}, 0.87}}}
Nothosaurus_mirabilis_1, {{10, {{88, 9, 20, 44}, 0.93}}, {5, {{89, 9, 19, 44}, 0.93}}, {14, {{90, 9, 18, 44}, 0.93}}, {25, {{88, 9, 20, 44}, 0.92}}, {15, {{89, 9, 19, 44}, 0.92}}, {31, {{90, 9, 18, 44}, 0.92}}}
Lacerta_viridis, {{8, {{88, 9, 20, 44}, 0.44}}, {1, {{89, 9, 19, 44}, 0.44}}, {8, {{90, 9, 18, 44}, 0.44}}, {26, {{88, 9, 20, 44}, 0.43}}, {17, {{89, 9, 19, 44}, 0.43}}, {33, {{90, 9, 18, 44}, 0.43}}, {1, {{88, 9, 20, 44}, 0.42}}, {2, {{89, 9, 19, 44}, 0.42}}, {4, {{90, 9, 18, 44}, 0.42}}}
Alamosaurus, {{20, {{88, 9, 20, 44}, 0.72}}, {12, {{88, 9, 20, 44}, 0.73}}, {7, {{89, 9, 19, 44}, 0.72}}, {1, {{89, 9, 19, 44}, 0.7}}, {23, {{90, 9, 18, 44}, 0.7}}, {2, {{88, 9, 20, 44}, 0.71}}, {2, {{90, 9, 18, 44}, 0.69}}, {12, {{89, 9, 19, 44}, 0.71}}, {20, {{90, 9, 18, 44}, 0.71}}, {1, {{88, 9, 20, 44}, 0.74}}}
Spinosaurus_.11, {{7, {{89, 9, 19, 44}, 0.29}}, {5, {{88, 9, 20, 44}, 0.27}}, {9, {{90, 9, 18, 44}, 0.29}}, {1, {{89, 9, 19, 44}, 0.27}}, {6, {{88, 9, 20, 44}, 0.31}}, {5, {{88, 9, 20, 44}, 0.3}}, {8, {{90, 9, 18, 44}, 0.27}}, {1, {{89, 9, 19, 44}, 0.31}}, {5, {{89, 9, 19, 44}, 0.3}}, {1, {{90, 9, 18, 44}, 0.31}}, {8, {{90, 9, 18, 44}, 0.3}}, {1, {{88, 9, 20, 44}, 0.33}}, {2, {{88, 9, 20, 44}, 0.26}}, {2, {{89, 9, 19, 44}, 0.26}}, {8, {{90, 9, 18, 44}, 0.26}}, {2, {{88, 9, 20, 44}, 0.32}}, {5, {{88, 9, 20, 44}, 0.28}}, {1, {{89, 9, 19, 44}, 0.32}}, {3, {{89, 9, 19, 44}, 0.28}}, {8, {{90, 9, 18, 44}, 0.28}}, {1, {{88, 9, 20, 44}, 0.25}}, {8, {{88, 9, 20, 44}, 0.29}}, {3, {{90, 9, 18, 44}, 0.25}}}
Spinosaurus_.10, {{1, {{89, 9, 19, 44}, 0.37}}, {1, {{90, 9, 18, 44}, 0.37}}, {1, {{88, 9, 20, 44}, 0.31}}, {1, {{88, 9, 20, 44}, 0.38}}, {3, {{88, 9, 20, 44}, 0.36}}, {7, {{88, 9, 20, 44}, 0.34}}, {6, {{90, 9, 18, 44}, 0.31}}, {1, {{90, 9, 18, 44}, 0.38}}, {7, {{89, 9, 19, 44}, 0.36}}, {5, {{89, 9, 19, 44}, 0.34}}, {3, {{88, 9, 20, 44}, 0.33}}, {7, {{90, 9, 18, 44}, 0.36}}, {8, {{88, 9, 20, 44}, 0.35}}, {1, {{89, 9, 19, 44}, 0.33}}, {9, {{90, 9, 18, 44}, 0.34}}, {4, {{89, 9, 19, 44}, 0.35}}, {3, {{90, 9, 18, 44}, 0.33}}, {6, {{88, 9, 20, 44}, 0.32}}, {8, {{90, 9, 18, 44}, 0.35}}, {2, {{89, 9, 19, 44}, 0.32}}, {10, {{90, 9, 18, 44}, 0.32}}, {6, {{88, 9, 20, 44}, 0.37}}}
Spinosaurus_.9, {{35, {{88, 9, 20, 44}, 0.99}}, {20, {{89, 9, 19, 44}, 0.99}}, {45, {{90, 9, 18, 44}, 0.99}}}
Spinosaurus_.8, {{22, {{88, 9, 20, 44}, 0.99}}, {17, {{89, 9, 19, 44}, 0.99}}, {29, {{90, 9, 18, 44}, 0.99}}, {13, {{88, 9, 20, 44}, 0.98}}, {3, {{89, 9, 19, 44}, 0.98}}, {16, {{90, 9, 18, 44}, 0.98}}}
Spinosaurus_.7, {{40, {{90, 9, 18, 44}, 0.96}}, {1, {{88, 9, 20, 44}, 0.97}}, {5, {{88, 9, 20, 44}, 0.95}}, {5, {{90, 9, 18, 44}, 0.95}}, {29, {{88, 9, 20, 44}, 0.96}}, {20, {{89, 9, 19, 44}, 0.96}}}
Spinosaurus_.6, {{1, {{89, 9, 19, 44}, 0.86}}, {5, {{88, 9, 20, 44}, 0.89}}, {9, {{90, 9, 18, 44}, 0.86}}, {2, {{89, 9, 19, 44}, 0.89}}, {1, {{90, 9, 18, 44}, 0.89}}, {18, {{88, 9, 20, 44}, 0.88}}, {10, {{89, 9, 19, 44}, 0.88}}, {8, {{88, 9, 20, 44}, 0.87}}, {20, {{90, 9, 18, 44}, 0.88}}, {7, {{89, 9, 19, 44}, 0.87}}, {15, {{90, 9, 18, 44}, 0.87}}, {4, {{88, 9, 20, 44}, 0.86}}}
Spinosaurus_.5, {{35, {{88, 9, 20, 44}, 1.0}}, {20, {{89, 9, 19, 44}, 1.0}}, {45, {{90, 9, 18, 44}, 1.0}}}
Spinosaurus_.4, {{35, {{88, 9, 20, 44}, 0.99}}, {20, {{89, 9, 19, 44}, 0.99}}, {45, {{90, 9, 18, 44}, 0.99}}}
Spinosaurus_.3, {{35, {{88, 9, 20, 44}, 0.99}}, {20, {{89, 9, 19, 44}, 0.99}}, {42, {{90, 9, 18, 44}, 0.99}}, {3, {{90, 9, 18, 44}, 0.98}}}
Spinosaurus_.2, {{23, {{90, 9, 18, 44}, 0.96}}, {14, {{88, 9, 20, 44}, 0.97}}, {7, {{89, 9, 19, 44}, 0.97}}, {22, {{90, 9, 18, 44}, 0.97}}, {21, {{88, 9, 20, 44}, 0.96}}, {13, {{89, 9, 19, 44}, 0.96}}}
Spinosaurus_.1, {{10, {{90, 9, 18, 44}, 0.9}}, {15, {{88, 9, 20, 44}, 0.89}}, {10, {{89, 9, 19, 44}, 0.89}}, {16, {{90, 9, 18, 44}, 0.89}}, {10, {{88, 9, 20, 44}, 0.88}}, {2, {{89, 9, 19, 44}, 0.88}}, {1, {{88, 9, 20, 44}, 0.87}}, {15, {{90, 9, 18, 44}, 0.88}}, {4, {{90, 9, 18, 44}, 0.87}}, {9, {{88, 9, 20, 44}, 0.9}}, {8, {{89, 9, 19, 44}, 0.9}}}
Spinosaurus_, {{35, {{88, 9, 20, 44}, 1.0}}, {20, {{89, 9, 19, 44}, 1.0}}, {45, {{90, 9, 18, 44}, 1.0}}}
Baryonyx.3, {{2, {{89, 9, 19, 44}, 0.77}}, {11, {{88, 9, 20, 44}, 0.75}}, {12, {{89, 9, 19, 44}, 0.75}}, {26, {{90, 9, 18, 44}, 0.75}}, {19, {{88, 9, 20, 44}, 0.76}}, {6, {{89, 9, 19, 44}, 0.76}}, {13, {{90, 9, 18, 44}, 0.74}}, {6, {{90, 9, 18, 44}, 0.76}}, {5, {{88, 9, 20, 44}, 0.77}}}
Baryonyx.2, {{17, {{88, 9, 20, 44}, 0.95}}, {8, {{89, 9, 19, 44}, 0.95}}, {13, {{90, 9, 18, 44}, 0.95}}, {18, {{88, 9, 20, 44}, 0.94}}, {12, {{89, 9, 19, 44}, 0.94}}, {32, {{90, 9, 18, 44}, 0.94}}}
Baryonyx.1, {{35, {{88, 9, 20, 44}, 0.99}}, {20, {{89, 9, 19, 44}, 0.99}}, {45, {{90, 9, 18, 44}, 0.99}}}
Suchomimus.3, {{2, {{88, 9, 20, 44}, 0.07}}, {6, {{89, 9, 19, 44}, 0.05}}, {32, {{90, 9, 18, 44}, 0.05}}, {33, {{88, 9, 20, 44}, 0.06}}, {14, {{89, 9, 19, 44}, 0.06}}, {13, {{90, 9, 18, 44}, 0.06}}}
Suchomimus.2, {{21, {{90, 9, 18, 44}, 0.21}}, {2, {{90, 9, 18, 44}, 0.19}}, {20, {{88, 9, 20, 44}, 0.22}}, {4, {{88, 9, 20, 44}, 0.23}}, {4, {{89, 9, 19, 44}, 0.22}}, {4, {{89, 9, 19, 44}, 0.2}}, {11, {{88, 9, 20, 44}, 0.21}}, {22, {{90, 9, 18, 44}, 0.2}}, {12, {{89, 9, 19, 44}, 0.21}}}
Suchomimus.1, {{6, {{88, 9, 20, 44}, 0.07}}, {1, {{89, 9, 19, 44}, 0.07}}, {3, {{90, 9, 18, 44}, 0.05}}, {29, {{88, 9, 20, 44}, 0.06}}, {19, {{89, 9, 19, 44}, 0.06}}, {42, {{90, 9, 18, 44}, 0.06}}}
Suchomimus, {{23, {{90, 9, 18, 44}, 0.21}}, {13, {{88, 9, 20, 44}, 0.22}}, {17, {{88, 9, 20, 44}, 0.23}}, {9, {{89, 9, 19, 44}, 0.22}}, {5, {{89, 9, 19, 44}, 0.23}}, {19, {{90, 9, 18, 44}, 0.22}}, {1, {{90, 9, 18, 44}, 0.23}}, {5, {{88, 9, 20, 44}, 0.24}}, {2, {{90, 9, 18, 44}, 0.2}}, {6, {{89, 9, 19, 44}, 0.21}}}
Baryonyx, {{35, {{88, 9, 20, 44}, 0.99}}, {20, {{89, 9, 19, 44}, 0.99}}, {45, {{90, 9, 18, 44}, 0.99}}}
Condorraptor, {{35, {{88, 9, 20, 44}, 0.01}}, {20, {{89, 9, 19, 44}, 0.01}}, {45, {{90, 9, 18, 44}, 0.01}}}
Asfaltovenator, {{35, {{88, 9, 20, 44}, 0.0}}, {20, {{89, 9, 19, 44}, 0.0}}, {45, {{90, 9, 18, 44}, 0.0}}}
Troodon_formosus, {{1, {{88, 9, 20, 44}, 0.4}}, {9, {{90, 9, 18, 44}, 0.4}}, {2, {{88, 9, 20, 44}, 0.43}}, {17, {{88, 9, 20, 44}, 0.42}}, {15, {{88, 9, 20, 44}, 0.41}}, {11, {{89, 9, 19, 44}, 0.42}}, {9, {{89, 9, 19, 44}, 0.41}}, {14, {{90, 9, 18, 44}, 0.42}}, {22, {{90, 9, 18, 44}, 0.41}}}
Confuciusornis_sanctus, {{35, {{88, 9, 20, 44}, 0.0}}, {20, {{89, 9, 19, 44}, 0.0}}, {45, {{90, 9, 18, 44}, 0.0}}}
Rhynchotus_rufescens_, {{1, {{88, 9, 20, 44}, 0.02}}, {34, {{88, 9, 20, 44}, 0.01}}, {20, {{89, 9, 19, 44}, 0.01}}, {45, {{90, 9, 18, 44}, 0.01}}}
Tinamou, {{35, {{88, 9, 20, 44}, 0.0}}, {20, {{89, 9, 19, 44}, 0.0}}, {45, {{90, 9, 18, 44}, 0.0}}}
Anas_discors, {{18, {{88, 9, 20, 44}, 0.02}}, {4, {{89, 9, 19, 44}, 0.02}}, {3, {{90, 9, 18, 44}, 0.02}}, {17, {{88, 9, 20, 44}, 0.01}}, {16, {{89, 9, 19, 44}, 0.01}}, {42, {{90, 9, 18, 44}, 0.01}}}
Glareola_pratincola, {{35, {{88, 9, 20, 44}, 0.01}}, {20, {{89, 9, 19, 44}, 0.01}}, {45, {{90, 9, 18, 44}, 0.01}}}
large_eocene_stem_penguin, {{35, {{88, 9, 20, 44}, 1.0}}, {20, {{89, 9, 19, 44}, 1.0}}, {45, {{90, 9, 18, 44}, 1.0}}}
Desmostylus_hesperus, {{9, {{89, 7, 20, 45}, 0.07}}, {66, {{89, 7, 20, 45}, 0.08}}, {9, {{90, 7, 19, 45}, 0.07}}, {16, {{90, 7, 19, 45}, 0.08}}}
Nyctereutes_procyonoides, {{41, {{89, 7, 20, 45}, 0.17}}, {34, {{89, 7, 20, 45}, 0.18}}, {23, {{90, 7, 19, 45}, 0.17}}, {2, {{90, 7, 19, 45}, 0.18}}}
Choeropsis_liberiensis, {{8, {{89, 7, 20, 45}, 0.7}}, {67, {{89, 7, 20, 45}, 0.71}}, {6, {{90, 7, 19, 45}, 0.7}}, {19, {{90, 7, 19, 45}, 0.71}}}
Megaloceros_sp, {{74, {{89, 7, 20, 45}, 0.02}}, {1, {{90, 7, 19, 45}, 0.01}}, {1, {{89, 7, 20, 45}, 0.01}}, {24, {{90, 7, 19, 45}, 0.02}}}
Paraplacodus, {{25, {{90, 7, 19, 45}, 1.0}}, {75, {{89, 7, 20, 45}, 1.0}}}
Anarosaurus, {{25, {{90, 7, 19, 45}, 1.0}}, {75, {{89, 7, 20, 45}, 1.0}}}
Simosaurus, {{25, {{90, 7, 19, 45}, 1.0}}, {75, {{89, 7, 20, 45}, 1.0}}}
Nothosaurus_568, {{25, {{90, 7, 19, 45}, 1.0}}, {75, {{89, 7, 20, 45}, 1.0}}}
Asilisaurus, {{25, {{90, 7, 19, 45}, 0.01}}, {75, {{89, 7, 20, 45}, 0.01}}}
Stegosaurus_sp, {{60, {{89, 7, 20, 45}, 0.95}}, {15, {{89, 7, 20, 45}, 0.94}}, {18, {{90, 7, 19, 45}, 0.95}}, {7, {{90, 7, 19, 45}, 0.94}}}
Spinosaurus_.11, {{2, {{89, 7, 20, 45}, 0.3}}, {3, {{89, 7, 20, 45}, 0.38}}, {13, {{89, 7, 20, 45}, 0.36}}, {12, {{89, 7, 20, 45}, 0.34}}, {8, {{89, 7, 20, 45}, 0.33}}, {13, {{89, 7, 20, 45}, 0.35}}, {7, {{89, 7, 20, 45}, 0.32}}, {1, {{90, 7, 19, 45}, 0.37}}, {1, {{90, 7, 19, 45}, 0.31}}, {1, {{90, 7, 19, 45}, 0.3}}, {1, {{90, 7, 19, 45}, 0.38}}, {5, {{90, 7, 19, 45}, 0.36}}, {3, {{90, 7, 19, 45}, 0.34}}, {6, {{90, 7, 19, 45}, 0.33}}, {6, {{89, 7, 20, 45}, 0.37}}, {4, {{90, 7, 19, 45}, 0.35}}, {3, {{90, 7, 19, 45}, 0.32}}, {11, {{89, 7, 20, 45}, 0.31}}}
Spinosaurus_.10, {{5, {{89, 7, 20, 45}, 0.38}}, {8, {{89, 7, 20, 45}, 0.36}}, {13, {{89, 7, 20, 45}, 0.39}}, {4, {{89, 7, 20, 45}, 0.43}}, {2, {{90, 7, 19, 45}, 0.42}}, {7, {{90, 7, 19, 45}, 0.41}}, {5, {{90, 7, 19, 45}, 0.37}}, {1, {{90, 7, 19, 45}, 0.44}}, {10, {{89, 7, 20, 45}, 0.42}}, {3, {{90, 7, 19, 45}, 0.4}}, {1, {{90, 7, 19, 45}, 0.38}}, {12, {{89, 7, 20, 45}, 0.41}}, {1, {{90, 7, 19, 45}, 0.36}}, {4, {{90, 7, 19, 45}, 0.39}}, {1, {{90, 7, 19, 45}, 0.43}}, {11, {{89, 7, 20, 45}, 0.37}}, {12, {{89, 7, 20, 45}, 0.4}}}
Spinosaurus_.9, {{75, {{89, 7, 20, 45}, 0.99}}, {25, {{90, 7, 19, 45}, 0.99}}}
Spinosaurus_.8, {{25, {{90, 7, 19, 45}, 0.98}}, {3, {{89, 7, 20, 45}, 0.97}}, {72, {{89, 7, 20, 45}, 0.98}}}
Spinosaurus_.7, {{56, {{89, 7, 20, 45}, 0.95}}, {18, {{89, 7, 20, 45}, 0.94}}, {20, {{90, 7, 19, 45}, 0.95}}, {1, {{89, 7, 20, 45}, 0.96}}, {5, {{90, 7, 19, 45}, 0.94}}}
Spinosaurus_.6, {{9, {{90, 7, 19, 45}, 0.87}}, {8, {{89, 7, 20, 45}, 0.88}}, {1, {{89, 7, 20, 45}, 0.84}}, {5, {{90, 7, 19, 45}, 0.85}}, {34, {{89, 7, 20, 45}, 0.87}}, {7, {{90, 7, 19, 45}, 0.86}}, {14, {{89, 7, 20, 45}, 0.85}}, {18, {{89, 7, 20, 45}, 0.86}}, {4, {{90, 7, 19, 45}, 0.88}}}
Spinosaurus_.5, {{25, {{90, 7, 19, 45}, 1.0}}, {75, {{89, 7, 20, 45}, 1.0}}}
Spinosaurus_.4, {{75, {{89, 7, 20, 45}, 0.99}}, {25, {{90, 7, 19, 45}, 0.99}}}
Spinosaurus_.3, {{25, {{90, 7, 19, 45}, 0.98}}, {75, {{89, 7, 20, 45}, 0.98}}}
Spinosaurus_.2, {{48, {{89, 7, 20, 45}, 0.95}}, {2, {{89, 7, 20, 45}, 0.94}}, {11, {{90, 7, 19, 45}, 0.96}}, {14, {{90, 7, 19, 45}, 0.95}}, {25, {{89, 7, 20, 45}, 0.96}}}
Spinosaurus_.1, {{6, {{90, 7, 19, 45}, 0.87}}, {22, {{89, 7, 20, 45}, 0.88}}, {26, {{89, 7, 20, 45}, 0.87}}, {4, {{90, 7, 19, 45}, 0.86}}, {4, {{90, 7, 19, 45}, 0.89}}, {11, {{89, 7, 20, 45}, 0.86}}, {11, {{90, 7, 19, 45}, 0.88}}, {16, {{89, 7, 20, 45}, 0.89}}}
Spinosaurus_, {{25, {{90, 7, 19, 45}, 1.0}}, {75, {{89, 7, 20, 45}, 1.0}}}
Baryonyx.3, {{14, {{89, 7, 20, 45}, 0.75}}, {13, {{90, 7, 19, 45}, 0.76}}, {3, {{89, 7, 20, 45}, 0.78}}, {9, {{90, 7, 19, 45}, 0.77}}, {42, {{89, 7, 20, 45}, 0.76}}, {3, {{90, 7, 19, 45}, 0.75}}, {16, {{89, 7, 20, 45}, 0.77}}}
Baryonyx.2, {{54, {{89, 7, 20, 45}, 0.93}}, {21, {{89, 7, 20, 45}, 0.94}}, {13, {{90, 7, 19, 45}, 0.93}}, {12, {{90, 7, 19, 45}, 0.94}}}
Baryonyx.1, {{2, {{90, 7, 19, 45}, 0.98}}, {46, {{89, 7, 20, 45}, 0.99}}, {29, {{89, 7, 20, 45}, 0.98}}, {23, {{90, 7, 19, 45}, 0.99}}}
Suchomimus.3, {{9, {{90, 7, 19, 45}, 0.1}}, {3, {{89, 7, 20, 45}, 0.11}}, {37, {{89, 7, 20, 45}, 0.09}}, {35, {{89, 7, 20, 45}, 0.1}}, {15, {{90, 7, 19, 45}, 0.09}}, {1, {{90, 7, 19, 45}, 0.08}}}
Suchomimus.2, {{9, {{90, 7, 19, 45}, 0.28}}, {4, {{89, 7, 20, 45}, 0.3}}, {9, {{89, 7, 20, 45}, 0.26}}, {30, {{89, 7, 20, 45}, 0.28}}, {3, {{90, 7, 19, 45}, 0.29}}, {11, {{90, 7, 19, 45}, 0.27}}, {10, {{89, 7, 20, 45}, 0.29}}, {2, {{90, 7, 19, 45}, 0.26}}, {22, {{89, 7, 20, 45}, 0.27}}}
Suchomimus.1, {{17, {{90, 7, 19, 45}, 0.1}}, {9, {{89, 7, 20, 45}, 0.11}}, {16, {{89, 7, 20, 45}, 0.09}}, {50, {{89, 7, 20, 45}, 0.1}}, {1, {{90, 7, 19, 45}, 0.11}}, {7, {{90, 7, 19, 45}, 0.09}}}
Suchomimus, {{12, {{90, 7, 19, 45}, 0.28}}, {9, {{89, 7, 20, 45}, 0.3}}, {23, {{89, 7, 20, 45}, 0.28}}, {7, {{90, 7, 19, 45}, 0.29}}, {3, {{90, 7, 19, 45}, 0.27}}, {3, {{90, 7, 19, 45}, 0.3}}, {31, {{89, 7, 20, 45}, 0.29}}, {10, {{89, 7, 20, 45}, 0.27}}, {2, {{89, 7, 20, 45}, 0.31}}}
Baryonyx, {{25, {{90, 7, 19, 45}, 0.98}}, {75, {{89, 7, 20, 45}, 0.98}}}
Torvosaurus, {{41, {{89, 7, 20, 45}, 0.7}}, {8, {{89, 7, 20, 45}, 0.69}}, {26, {{89, 7, 20, 45}, 0.71}}, {13, {{90, 7, 19, 45}, 0.7}}, {5, {{90, 7, 19, 45}, 0.69}}, {7, {{90, 7, 19, 45}, 0.71}}}
Rahonavis, {{24, {{90, 7, 19, 45}, 0.1}}, {9, {{89, 7, 20, 45}, 0.11}}, {1, {{89, 7, 20, 45}, 0.09}}, {65, {{89, 7, 20, 45}, 0.1}}, {1, {{90, 7, 19, 45}, 0.09}}}
Apteryx_owenii_, {{15, {{89, 7, 20, 45}, 0.04}}, {10, {{90, 7, 19, 45}, 0.05}}, {60, {{89, 7, 20, 45}, 0.05}}, {15, {{90, 7, 19, 45}, 0.04}}}
Chauna_chavaria, {{8, {{89, 7, 20, 45}, 0.0}}, {14, {{90, 7, 19, 45}, 0.01}}, {67, {{89, 7, 20, 45}, 0.01}}, {11, {{90, 7, 19, 45}, 0.0}}}
Columba_, {{3, {{89, 7, 20, 45}, 0.02}}, {25, {{90, 7, 19, 45}, 0.01}}, {72, {{89, 7, 20, 45}, 0.01}}}
Podica_senegalensis, {{74, {{89, 7, 20, 45}, 0.09}}, {1, {{89, 7, 20, 45}, 0.1}}, {25, {{90, 7, 19, 45}, 0.09}}}
Porphyrio_hochstetteri, {{62, {{89, 7, 20, 45}, 0.07}}, {13, {{90, 7, 19, 45}, 0.06}}, {13, {{89, 7, 20, 45}, 0.06}}, {12, {{90, 7, 19, 45}, 0.07}}}
Small_Eocene_penguin, {{25, {{90, 7, 19, 45}, 1.0}}, {75, {{89, 7, 20, 45}, 1.0}}}
Ornithorhynchus_anatinus, {{1, {{91, 8, 19, 43}, 0.98}}, {1, {{92, 7, 18, 44}, 0.97}}, {18, {{90, 7, 20, 44}, 0.97}}, {2, {{91, 7, 19, 44}, 0.97}}, {13, {{92, 7, 18, 44}, 0.98}}, {1, {{92, 8, 18, 43}, 0.97}}, {25, {{90, 7, 20, 44}, 0.98}}, {16, {{91, 7, 19, 44}, 0.98}}, {23, {{92, 8, 18, 43}, 0.98}}}
Tenrec_ecaudatus, {{1, {{91, 8, 19, 43}, 0.88}}, {14, {{92, 7, 18, 44}, 0.88}}, {40, {{90, 7, 20, 44}, 0.88}}, {18, {{91, 7, 19, 44}, 0.88}}, {3, {{90, 7, 20, 44}, 0.87}}, {24, {{92, 8, 18, 43}, 0.88}}}
Hydromys_chrysogaster, {{15, {{91, 7, 19, 44}, 0.41}}, {4, {{92, 7, 18, 44}, 0.4}}, {14, {{92, 8, 18, 43}, 0.41}}, {1, {{90, 7, 20, 44}, 0.4}}, {3, {{91, 7, 19, 44}, 0.4}}, {10, {{92, 8, 18, 43}, 0.4}}, {1, {{91, 8, 19, 43}, 0.4}}, {10, {{92, 7, 18, 44}, 0.41}}, {42, {{90, 7, 20, 44}, 0.41}}}
Lutra_vulgaris, {{1, {{91, 8, 19, 43}, 0.94}}, {14, {{92, 7, 18, 44}, 0.94}}, {43, {{90, 7, 20, 44}, 0.94}}, {18, {{91, 7, 19, 44}, 0.94}}, {24, {{92, 8, 18, 43}, 0.94}}}
Tapirus_terrestris, {{14, {{92, 7, 18, 44}, 0.27}}, {15, {{90, 7, 20, 44}, 0.27}}, {16, {{91, 7, 19, 44}, 0.27}}, {18, {{92, 8, 18, 43}, 0.27}}, {28, {{90, 7, 20, 44}, 0.28}}, {1, {{91, 8, 19, 43}, 0.27}}, {6, {{92, 8, 18, 43}, 0.26}}, {2, {{91, 7, 19, 44}, 0.28}}}
Ichtyosaur_sp, {{1, {{92, 7, 18, 44}, 0.73}}, {1, {{92, 7, 18, 44}, 0.7}}, {19, {{90, 7, 20, 44}, 0.72}}, {12, {{90, 7, 20, 44}, 0.73}}, {7, {{91, 7, 19, 44}, 0.72}}, {1, {{90, 7, 20, 44}, 0.7}}, {2, {{91, 7, 19, 44}, 0.7}}, {7, {{92, 7, 18, 44}, 0.71}}, {3, {{92, 8, 18, 43}, 0.72}}, {1, {{92, 8, 18, 43}, 0.73}}, {5, {{92, 8, 18, 43}, 0.7}}, {9, {{90, 7, 20, 44}, 0.71}}, {9, {{91, 7, 19, 44}, 0.71}}, {1, {{91, 8, 19, 43}, 0.72}}, {2, {{92, 8, 18, 43}, 0.69}}, {13, {{92, 8, 18, 43}, 0.71}}, {2, {{90, 7, 20, 44}, 0.74}}, {5, {{92, 7, 18, 44}, 0.72}}}
Psephoderma, {{14, {{92, 7, 18, 44}, 0.99}}, {43, {{90, 7, 20, 44}, 0.99}}, {18, {{91, 7, 19, 44}, 0.99}}, {24, {{92, 8, 18, 43}, 0.99}}, {1, {{91, 8, 19, 43}, 0.99}}}
Placondontia_indet, {{18, {{91, 7, 19, 44}, 1.0}}, {24, {{92, 8, 18, 43}, 1.0}}, {1, {{91, 8, 19, 43}, 1.0}}, {14, {{92, 7, 18, 44}, 1.0}}, {43, {{90, 7, 20, 44}, 1.0}}}
Caiman_yacare, {{14, {{92, 7, 18, 44}, 0.99}}, {43, {{90, 7, 20, 44}, 0.99}}, {18, {{91, 7, 19, 44}, 0.99}}, {24, {{92, 8, 18, 43}, 0.99}}, {1, {{91, 8, 19, 43}, 0.99}}}
Plateosaurus, {{24, {{92, 8, 18, 43}, 0.01}}, {1, {{91, 8, 19, 43}, 0.01}}, {7, {{90, 7, 20, 44}, 0.02}}, {14, {{92, 7, 18, 44}, 0.01}}, {36, {{90, 7, 20, 44}, 0.01}}, {18, {{91, 7, 19, 44}, 0.01}}}
Syntarsus_, {{14, {{90, 7, 20, 44}, 0.03}}, {14, {{92, 7, 18, 44}, 0.02}}, {29, {{90, 7, 20, 44}, 0.02}}, {18, {{91, 7, 19, 44}, 0.02}}, {24, {{92, 8, 18, 43}, 0.02}}, {1, {{91, 8, 19, 43}, 0.02}}}
Spinosaurus_.11, {{5, {{90, 7, 20, 44}, 0.25}}, {3, {{92, 7, 18, 44}, 0.27}}, {1, {{91, 7, 19, 44}, 0.24}}, {2, {{91, 7, 19, 44}, 0.25}}, {7, {{90, 7, 20, 44}, 0.29}}, {1, {{92, 7, 18, 44}, 0.3}}, {5, {{91, 7, 19, 44}, 0.29}}, {4, {{92, 8, 18, 43}, 0.24}}, {7, {{90, 7, 20, 44}, 0.27}}, {5, {{92, 8, 18, 43}, 0.25}}, {3, {{91, 7, 19, 44}, 0.27}}, {4, {{90, 7, 20, 44}, 0.31}}, {7, {{90, 7, 20, 44}, 0.3}}, {2, {{92, 7, 18, 44}, 0.26}}, {1, {{92, 8, 18, 43}, 0.29}}, {2, {{91, 7, 19, 44}, 0.3}}, {3, {{92, 8, 18, 43}, 0.27}}, {3, {{90, 7, 20, 44}, 0.26}}, {3, {{92, 7, 18, 44}, 0.28}}, {1, {{91, 7, 19, 44}, 0.26}}, {1, {{90, 7, 20, 44}, 0.32}}, {8, {{90, 7, 20, 44}, 0.28}}, {6, {{92, 8, 18, 43}, 0.26}}, {4, {{91, 7, 19, 44}, 0.28}}, {2, {{92, 7, 18, 44}, 0.25}}, {5, {{92, 8, 18, 43}, 0.28}}, {3, {{92, 7, 18, 44}, 0.29}}, {1, {{91, 8, 19, 43}, 0.26}}, {1, {{90, 7, 20, 44}, 0.24}}}
Spinosaurus_.10, {{1, {{91, 8, 19, 43}, 0.32}}, {1, {{90, 7, 20, 44}, 0.29}}, {4, {{92, 7, 18, 44}, 0.3}}, {4, {{92, 7, 18, 44}, 0.34}}, {6, {{90, 7, 20, 44}, 0.31}}, {3, {{90, 7, 20, 44}, 0.3}}, {1, {{92, 7, 18, 44}, 0.33}}, {4, {{92, 8, 18, 43}, 0.29}}, {2, {{92, 7, 18, 44}, 0.35}}, {1, {{91, 7, 19, 44}, 0.31}}, {2, {{91, 7, 19, 44}, 0.3}}, {6, {{90, 7, 20, 44}, 0.36}}, {6, {{90, 7, 20, 44}, 0.34}}, {2, {{92, 7, 18, 44}, 0.32}}, {9, {{90, 7, 20, 44}, 0.33}}, {2, {{91, 7, 19, 44}, 0.34}}, {3, {{92, 8, 18, 43}, 0.31}}, {5, {{92, 8, 18, 43}, 0.3}}, {5, {{90, 7, 20, 44}, 0.35}}, {3, {{91, 7, 19, 44}, 0.33}}, {7, {{91, 7, 19, 44}, 0.35}}, {3, {{92, 8, 18, 43}, 0.34}}, {7, {{90, 7, 20, 44}, 0.32}}, {4, {{92, 8, 18, 43}, 0.33}}, {3, {{91, 7, 19, 44}, 0.32}}, {1, {{92, 8, 18, 43}, 0.35}}, {4, {{92, 8, 18, 43}, 0.32}}, {1, {{92, 7, 18, 44}, 0.37}}}
Spinosaurus_.9, {{14, {{92, 7, 18, 44}, 0.99}}, {43, {{90, 7, 20, 44}, 0.99}}, {18, {{91, 7, 19, 44}, 0.99}}, {24, {{92, 8, 18, 43}, 0.99}}, {1, {{91, 8, 19, 43}, 0.99}}}
Spinosaurus_.8, {{1, {{91, 8, 19, 43}, 0.98}}, {2, {{90, 7, 20, 44}, 0.97}}, {2, {{91, 7, 19, 44}, 0.97}}, {14, {{92, 7, 18, 44}, 0.98}}, {4, {{92, 8, 18, 43}, 0.97}}, {41, {{90, 7, 20, 44}, 0.98}}, {16, {{91, 7, 19, 44}, 0.98}}, {20, {{92, 8, 18, 43}, 0.98}}}
Spinosaurus_.7, {{6, {{92, 7, 18, 44}, 0.95}}, {3, {{90, 7, 20, 44}, 0.93}}, {21, {{90, 7, 20, 44}, 0.95}}, {8, {{92, 7, 18, 44}, 0.94}}, {1, {{91, 7, 19, 44}, 0.93}}, {10, {{91, 7, 19, 44}, 0.95}}, {19, {{90, 7, 20, 44}, 0.94}}, {2, {{92, 8, 18, 43}, 0.93}}, {7, {{92, 8, 18, 43}, 0.95}}, {7, {{91, 7, 19, 44}, 0.94}}, {15, {{92, 8, 18, 43}, 0.94}}, {1, {{91, 8, 19, 43}, 0.95}}}
Spinosaurus_.6, {{11, {{91, 7, 19, 44}, 0.85}}, {7, {{92, 8, 18, 43}, 0.83}}, {1, {{91, 8, 19, 43}, 0.84}}, {9, {{90, 7, 20, 44}, 0.86}}, {8, {{92, 8, 18, 43}, 0.85}}, {1, {{92, 7, 18, 44}, 0.82}}, {5, {{92, 7, 18, 44}, 0.84}}, {2, {{90, 7, 20, 44}, 0.82}}, {10, {{90, 7, 20, 44}, 0.84}}, {2, {{91, 7, 19, 44}, 0.82}}, {2, {{92, 7, 18, 44}, 0.83}}, {4, {{91, 7, 19, 44}, 0.84}}, {4, {{92, 8, 18, 43}, 0.82}}, {5, {{92, 7, 18, 44}, 0.85}}, {7, {{90, 7, 20, 44}, 0.83}}, {5, {{92, 8, 18, 43}, 0.84}}, {1, {{91, 7, 19, 44}, 0.83}}, {15, {{90, 7, 20, 44}, 0.85}}, {1, {{92, 7, 18, 44}, 0.86}}}
Spinosaurus_.5, {{18, {{91, 7, 19, 44}, 1.0}}, {24, {{92, 8, 18, 43}, 1.0}}, {1, {{91, 8, 19, 43}, 1.0}}, {14, {{92, 7, 18, 44}, 1.0}}, {43, {{90, 7, 20, 44}, 1.0}}}
Spinosaurus_.4, {{14, {{92, 7, 18, 44}, 0.99}}, {43, {{90, 7, 20, 44}, 0.99}}, {18, {{91, 7, 19, 44}, 0.99}}, {24, {{92, 8, 18, 43}, 0.99}}, {1, {{91, 8, 19, 43}, 0.99}}}
Spinosaurus_.3, {{1, {{91, 8, 19, 43}, 0.98}}, {14, {{92, 7, 18, 44}, 0.98}}, {43, {{90, 7, 20, 44}, 0.98}}, {18, {{91, 7, 19, 44}, 0.98}}, {24, {{92, 8, 18, 43}, 0.98}}}
Spinosaurus_.2, {{6, {{90, 7, 20, 44}, 0.96}}, {4, {{91, 7, 19, 44}, 0.96}}, {10, {{92, 7, 18, 44}, 0.95}}, {2, {{92, 8, 18, 43}, 0.96}}, {31, {{90, 7, 20, 44}, 0.95}}, {12, {{91, 7, 19, 44}, 0.95}}, {6, {{90, 7, 20, 44}, 0.94}}, {19, {{92, 8, 18, 43}, 0.95}}, {2, {{91, 7, 19, 44}, 0.94}}, {3, {{92, 8, 18, 43}, 0.94}}, {1, {{91, 8, 19, 43}, 0.95}}, {4, {{92, 7, 18, 44}, 0.96}}}
Spinosaurus_.1, {{1, {{91, 7, 19, 44}, 0.85}}, {13, {{90, 7, 20, 44}, 0.86}}, {1, {{91, 8, 19, 43}, 0.87}}, {9, {{92, 8, 18, 43}, 0.85}}, {5, {{91, 7, 19, 44}, 0.86}}, {5, {{92, 8, 18, 43}, 0.86}}, {1, {{92, 7, 18, 44}, 0.88}}, {5, {{92, 7, 18, 44}, 0.87}}, {3, {{90, 7, 20, 44}, 0.88}}, {4, {{90, 7, 20, 44}, 0.84}}, {3, {{91, 7, 19, 44}, 0.84}}, {17, {{90, 7, 20, 44}, 0.87}}, {9, {{91, 7, 19, 44}, 0.87}}, {4, {{92, 7, 18, 44}, 0.85}}, {3, {{92, 8, 18, 43}, 0.84}}, {7, {{92, 8, 18, 43}, 0.87}}, {6, {{90, 7, 20, 44}, 0.85}}, {4, {{92, 7, 18, 44}, 0.86}}}
Spinosaurus_, {{18, {{91, 7, 19, 44}, 1.0}}, {24, {{92, 8, 18, 43}, 1.0}}, {1, {{91, 8, 19, 43}, 1.0}}, {14, {{92, 7, 18, 44}, 1.0}}, {43, {{90, 7, 20, 44}, 1.0}}}
Baryonyx.3, {{4, {{92, 7, 18, 44}, 0.7}}, {16, {{90, 7, 20, 44}, 0.72}}, {4, {{90, 7, 20, 44}, 0.73}}, {2, {{91, 7, 19, 44}, 0.72}}, {5, {{90, 7, 20, 44}, 0.7}}, {7, {{91, 7, 19, 44}, 0.7}}, {8, {{92, 7, 18, 44}, 0.71}}, {1, {{92, 8, 18, 43}, 0.72}}, {14, {{92, 8, 18, 43}, 0.7}}, {18, {{90, 7, 20, 44}, 0.71}}, {9, {{91, 7, 19, 44}, 0.71}}, {4, {{92, 8, 18, 43}, 0.69}}, {1, {{91, 8, 19, 43}, 0.7}}, {5, {{92, 8, 18, 43}, 0.71}}, {2, {{92, 7, 18, 44}, 0.72}}}
Baryonyx.2, {{20, {{92, 8, 18, 43}, 0.92}}, {6, {{92, 7, 18, 44}, 0.93}}, {1, {{91, 8, 19, 43}, 0.92}}, {27, {{90, 7, 20, 44}, 0.93}}, {4, {{91, 7, 19, 44}, 0.93}}, {4, {{92, 8, 18, 43}, 0.93}}, {8, {{92, 7, 18, 44}, 0.92}}, {16, {{90, 7, 20, 44}, 0.92}}, {14, {{91, 7, 19, 44}, 0.92}}}
Baryonyx.1, {{7, {{92, 7, 18, 44}, 0.99}}, {21, {{90, 7, 20, 44}, 0.99}}, {8, {{91, 7, 19, 44}, 0.99}}, {7, {{92, 7, 18, 44}, 0.98}}, {11, {{92, 8, 18, 43}, 0.99}}, {22, {{90, 7, 20, 44}, 0.98}}, {10, {{91, 7, 19, 44}, 0.98}}, {1, {{91, 8, 19, 43}, 0.99}}, {13, {{92, 8, 18, 43}, 0.98}}}
Suchomimus.3, {{10, {{92, 8, 18, 43}, 0.06}}, {1, {{91, 8, 19, 43}, 0.05}}, {5, {{90, 7, 20, 44}, 0.07}}, {4, {{92, 7, 18, 44}, 0.05}}, {10, {{92, 7, 18, 44}, 0.06}}, {2, {{90, 7, 20, 44}, 0.05}}, {2, {{91, 7, 19, 44}, 0.05}}, {36, {{90, 7, 20, 44}, 0.06}}, {16, {{91, 7, 19, 44}, 0.06}}, {14, {{92, 8, 18, 43}, 0.05}}}
Suchomimus.2, {{14, {{91, 7, 19, 44}, 0.2}}, {20, {{90, 7, 20, 44}, 0.21}}, {2, {{91, 7, 19, 44}, 0.21}}, {3, {{92, 8, 18, 43}, 0.2}}, {4, {{92, 7, 18, 44}, 0.19}}, {1, {{92, 8, 18, 43}, 0.21}}, {2, {{90, 7, 20, 44}, 0.19}}, {2, {{91, 7, 19, 44}, 0.19}}, {4, {{90, 7, 20, 44}, 0.22}}, {18, {{92, 8, 18, 43}, 0.19}}, {9, {{92, 7, 18, 44}, 0.2}}, {2, {{92, 8, 18, 43}, 0.18}}, {1, {{91, 8, 19, 43}, 0.19}}, {1, {{92, 7, 18, 44}, 0.21}}, {17, {{90, 7, 20, 44}, 0.2}}}
Suchomimus.1, {{23, {{92, 8, 18, 43}, 0.06}}, {1, {{91, 8, 19, 43}, 0.06}}, {16, {{90, 7, 20, 44}, 0.07}}, {14, {{92, 7, 18, 44}, 0.06}}, {27, {{90, 7, 20, 44}, 0.06}}, {18, {{91, 7, 19, 44}, 0.06}}, {1, {{92, 8, 18, 43}, 0.05}}}
Suchomimus, {{4, {{91, 7, 19, 44}, 0.2}}, {16, {{90, 7, 20, 44}, 0.21}}, {12, {{91, 7, 19, 44}, 0.21}}, {17, {{92, 8, 18, 43}, 0.2}}, {5, {{92, 8, 18, 43}, 0.21}}, {1, {{92, 7, 18, 44}, 0.22}}, {1, {{91, 8, 19, 43}, 0.2}}, {20, {{90, 7, 20, 44}, 0.22}}, {6, {{90, 7, 20, 44}, 0.23}}, {1, {{92, 8, 18, 43}, 0.19}}, {2, {{91, 7, 19, 44}, 0.22}}, {4, {{92, 7, 18, 44}, 0.2}}, {1, {{92, 8, 18, 43}, 0.22}}, {9, {{92, 7, 18, 44}, 0.21}}, {1, {{90, 7, 20, 44}, 0.2}}}
Baryonyx, {{1, {{91, 8, 19, 43}, 0.98}}, {14, {{92, 7, 18, 44}, 0.98}}, {43, {{90, 7, 20, 44}, 0.98}}, {18, {{91, 7, 19, 44}, 0.98}}, {24, {{92, 8, 18, 43}, 0.98}}}
Dromaius_, {{22, {{92, 8, 18, 43}, 0.01}}, {1, {{91, 8, 19, 43}, 0.01}}, {2, {{92, 8, 18, 43}, 0.0}}, {14, {{92, 7, 18, 44}, 0.01}}, {43, {{90, 7, 20, 44}, 0.01}}, {18, {{91, 7, 19, 44}, 0.01}}}
Anser_fabalis, {{14, {{92, 7, 18, 44}, 0.04}}, {43, {{90, 7, 20, 44}, 0.04}}, {18, {{91, 7, 19, 44}, 0.04}}, {24, {{92, 8, 18, 43}, 0.04}}, {1, {{91, 8, 19, 43}, 0.04}}}
Raphus, {{43, {{90, 7, 20, 44}, 0.15}}, {5, {{92, 7, 18, 44}, 0.14}}, {18, {{91, 7, 19, 44}, 0.15}}, {9, {{92, 8, 18, 43}, 0.15}}, {15, {{92, 8, 18, 43}, 0.14}}, {1, {{91, 8, 19, 43}, 0.14}}, {9, {{92, 7, 18, 44}, 0.15}}}
Atlantisia_rogersi, {{14, {{92, 7, 18, 44}, 0.04}}, {43, {{90, 7, 20, 44}, 0.04}}, {18, {{91, 7, 19, 44}, 0.04}}, {24, {{92, 8, 18, 43}, 0.04}}, {1, {{91, 8, 19, 43}, 0.04}}}
Trybonix_ventralis, {{14, {{92, 7, 18, 44}, 0.0}}, {33, {{90, 7, 20, 44}, 0.0}}, {18, {{91, 7, 19, 44}, 0.0}}, {24, {{92, 8, 18, 43}, 0.0}}, {1, {{91, 8, 19, 43}, 0.0}}, {10, {{90, 7, 20, 44}, 0.01}}}
Phaeton_aethereus, {{1, {{91, 8, 19, 43}, 0.08}}, {2, {{92, 7, 18, 44}, 0.09}}, {12, {{92, 7, 18, 44}, 0.08}}, {28, {{90, 7, 20, 44}, 0.09}}, {5, {{91, 7, 19, 44}, 0.09}}, {15, {{90, 7, 20, 44}, 0.08}}, {13, {{91, 7, 19, 44}, 0.08}}, {2, {{92, 8, 18, 43}, 0.09}}, {22, {{92, 8, 18, 43}, 0.08}}}
Rynochetus_jubatus, {{24, {{92, 8, 18, 43}, 0.01}}, {1, {{91, 8, 19, 43}, 0.01}}, {14, {{92, 7, 18, 44}, 0.01}}, {43, {{90, 7, 20, 44}, 0.01}}, {18, {{91, 7, 19, 44}, 0.01}}}
Procavia_capensis, {{1, {{91, 9, 16, 45}, 0.43}}, {77, {{90, 8, 17, 46}, 0.44}}, {5, {{89, 8, 18, 46}, 0.44}}, {15, {{90, 8, 17, 46}, 0.43}}, {2, {{90, 9, 17, 45}, 0.43}}}
Microgale_thomasi, {{5, {{89, 8, 18, 46}, 0.06}}, {2, {{90, 9, 17, 45}, 0.06}}, {1, {{91, 9, 16, 45}, 0.06}}, {8, {{90, 8, 17, 46}, 0.05}}, {84, {{90, 8, 17, 46}, 0.06}}}
Rattus_rattus, {{34, {{90, 8, 17, 46}, 0.04}}, {58, {{90, 8, 17, 46}, 0.05}}, {2, {{90, 9, 17, 45}, 0.04}}, {1, {{91, 9, 16, 45}, 0.04}}, {5, {{89, 8, 18, 46}, 0.05}}}
Euroscaptor_micrura, {{4, {{89, 8, 18, 46}, 0.52}}, {46, {{90, 8, 17, 46}, 0.53}}, {1, {{89, 8, 18, 46}, 0.53}}, {2, {{90, 9, 17, 45}, 0.53}}, {1, {{91, 9, 16, 45}, 0.53}}, {46, {{90, 8, 17, 46}, 0.52}}}
Mustela_nivalis, {{5, {{89, 8, 18, 46}, 0.2}}, {39, {{90, 8, 17, 46}, 0.19}}, {1, {{91, 9, 16, 45}, 0.2}}, {53, {{90, 8, 17, 46}, 0.2}}, {2, {{90, 9, 17, 45}, 0.19}}}
Phocanella_pumila, {{5, {{89, 8, 18, 46}, 1.0}}, {2, {{90, 9, 17, 45}, 1.0}}, {1, {{91, 9, 16, 45}, 1.0}}, {92, {{90, 8, 17, 46}, 1.0}}}
Ceratotherium_simum, {{5, {{89, 8, 18, 46}, 0.85}}, {1, {{91, 9, 16, 45}, 0.84}}, {2, {{90, 9, 17, 45}, 0.85}}, {3, {{90, 8, 17, 46}, 0.84}}, {88, {{90, 8, 17, 46}, 0.85}}, {1, {{90, 8, 17, 46}, 0.86}}}
Sus_scrofa, {{2, {{90, 9, 17, 45}, 0.01}}, {1, {{91, 9, 16, 45}, 0.01}}, {92, {{90, 8, 17, 46}, 0.01}}, {5, {{89, 8, 18, 46}, 0.01}}}
Pistosaurus, {{5, {{89, 8, 18, 46}, 1.0}}, {2, {{90, 9, 17, 45}, 1.0}}, {1, {{91, 9, 16, 45}, 1.0}}, {92, {{90, 8, 17, 46}, 1.0}}}
Nothosaurus_giganteus, {{1, {{90, 9, 17, 45}, 0.71}}, {52, {{90, 8, 17, 46}, 0.72}}, {1, {{91, 9, 16, 45}, 0.71}}, {34, {{90, 8, 17, 46}, 0.73}}, {1, {{90, 8, 17, 46}, 0.7}}, {2, {{89, 8, 18, 46}, 0.72}}, {1, {{89, 8, 18, 46}, 0.73}}, {4, {{90, 8, 17, 46}, 0.71}}, {1, {{90, 9, 17, 45}, 0.73}}, {1, {{90, 8, 17, 46}, 0.74}}, {2, {{89, 8, 18, 46}, 0.74}}}
Alligator, {{2, {{90, 9, 17, 45}, 0.98}}, {1, {{91, 9, 16, 45}, 0.98}}, {92, {{90, 8, 17, 46}, 0.98}}, {5, {{89, 8, 18, 46}, 0.98}}}
Dysalotosaurus, {{4, {{90, 8, 17, 46}, 0.72}}, {38, {{90, 8, 17, 46}, 0.7}}, {1, {{91, 9, 16, 45}, 0.68}}, {2, {{89, 8, 18, 46}, 0.72}}, {29, {{90, 8, 17, 46}, 0.69}}, {20, {{90, 8, 17, 46}, 0.71}}, {1, {{90, 8, 17, 46}, 0.68}}, {3, {{89, 8, 18, 46}, 0.71}}, {2, {{90, 9, 17, 45}, 0.69}}}
Spinosaurus_.11, {{12, {{90, 8, 17, 46}, 0.27}}, {1, {{91, 9, 16, 45}, 0.22}}, {2, {{89, 8, 18, 46}, 0.27}}, {23, {{90, 8, 17, 46}, 0.26}}, {3, {{90, 8, 17, 46}, 0.22}}, {15, {{90, 8, 17, 46}, 0.23}}, {2, {{90, 9, 17, 45}, 0.25}}, {3, {{90, 8, 17, 46}, 0.28}}, {1, {{89, 8, 18, 46}, 0.26}}, {2, {{89, 8, 18, 46}, 0.28}}, {14, {{90, 8, 17, 46}, 0.24}}, {21, {{90, 8, 17, 46}, 0.25}}, {1, {{90, 8, 17, 46}, 0.29}}}
Spinosaurus_.10, {{23, {{90, 8, 17, 46}, 0.31}}, {7, {{90, 8, 17, 46}, 0.3}}, {6, {{90, 8, 17, 46}, 0.34}}, {17, {{90, 8, 17, 46}, 0.33}}, {1, {{89, 8, 18, 46}, 0.31}}, {19, {{90, 8, 17, 46}, 0.32}}, {1, {{89, 8, 18, 46}, 0.34}}, {4, {{90, 8, 17, 46}, 0.28}}, {1, {{89, 8, 18, 46}, 0.33}}, {2, {{90, 9, 17, 45}, 0.29}}, {2, {{89, 8, 18, 46}, 0.32}}, {1, {{91, 9, 16, 45}, 0.3}}, {16, {{90, 8, 17, 46}, 0.29}}}
Spinosaurus_.9, {{5, {{89, 8, 18, 46}, 1.0}}, {35, {{90, 8, 17, 46}, 0.99}}, {2, {{90, 9, 17, 45}, 0.99}}, {57, {{90, 8, 17, 46}, 1.0}}, {1, {{91, 9, 16, 45}, 0.99}}}
Spinosaurus_.8, {{92, {{90, 8, 17, 46}, 0.99}}, {5, {{89, 8, 18, 46}, 0.99}}, {2, {{90, 9, 17, 45}, 0.99}}, {1, {{91, 9, 16, 45}, 0.99}}}
Spinosaurus_.7, {{62, {{90, 8, 17, 46}, 0.97}}, {5, {{89, 8, 18, 46}, 0.97}}, {2, {{90, 9, 17, 45}, 0.96}}, {1, {{91, 9, 16, 45}, 0.96}}, {30, {{90, 8, 17, 46}, 0.96}}}
Spinosaurus_.6, {{1, {{90, 9, 17, 45}, 0.88}}, {25, {{90, 8, 17, 46}, 0.89}}, {1, {{90, 9, 17, 45}, 0.87}}, {2, {{89, 8, 18, 46}, 0.89}}, {41, {{90, 8, 17, 46}, 0.88}}, {24, {{90, 8, 17, 46}, 0.87}}, {1, {{91, 9, 16, 45}, 0.86}}, {3, {{89, 8, 18, 46}, 0.88}}, {2, {{90, 8, 17, 46}, 0.86}}}
Spinosaurus_.5, {{5, {{89, 8, 18, 46}, 1.0}}, {2, {{90, 9, 17, 45}, 1.0}}, {1, {{91, 9, 16, 45}, 1.0}}, {92, {{90, 8, 17, 46}, 1.0}}}
Spinosaurus_.4, {{5, {{89, 8, 18, 46}, 1.0}}, {2, {{90, 9, 17, 45}, 1.0}}, {1, {{91, 9, 16, 45}, 1.0}}, {92, {{90, 8, 17, 46}, 1.0}}}
Spinosaurus_.3, {{92, {{90, 8, 17, 46}, 0.99}}, {5, {{89, 8, 18, 46}, 0.99}}, {2, {{90, 9, 17, 45}, 0.99}}, {1, {{91, 9, 16, 45}, 0.99}}}
Spinosaurus_.2, {{78, {{90, 8, 17, 46}, 0.97}}, {5, {{89, 8, 18, 46}, 0.97}}, {14, {{90, 8, 17, 46}, 0.98}}, {2, {{90, 9, 17, 45}, 0.97}}, {1, {{91, 9, 16, 45}, 0.97}}}
Spinosaurus_.1, {{37, {{90, 8, 17, 46}, 0.91}}, {17, {{90, 8, 17, 46}, 0.89}}, {3, {{89, 8, 18, 46}, 0.9}}, {2, {{89, 8, 18, 46}, 0.91}}, {1, {{90, 9, 17, 45}, 0.9}}, {1, {{91, 9, 16, 45}, 0.9}}, {1, {{90, 9, 17, 45}, 0.89}}, {38, {{90, 8, 17, 46}, 0.9}}}
Spinosaurus_, {{5, {{89, 8, 18, 46}, 1.0}}, {2, {{90, 9, 17, 45}, 1.0}}, {1, {{91, 9, 16, 45}, 1.0}}, {92, {{90, 8, 17, 46}, 1.0}}}
Baryonyx.3, {{10, {{90, 8, 17, 46}, 0.72}}, {40, {{90, 8, 17, 46}, 0.73}}, {7, {{90, 8, 17, 46}, 0.75}}, {3, {{89, 8, 18, 46}, 0.75}}, {2, {{90, 9, 17, 45}, 0.73}}, {35, {{90, 8, 17, 46}, 0.74}}, {1, {{91, 9, 16, 45}, 0.72}}, {2, {{89, 8, 18, 46}, 0.74}}}
Baryonyx.2, {{92, {{90, 8, 17, 46}, 0.95}}, {5, {{89, 8, 18, 46}, 0.95}}, {2, {{90, 9, 17, 45}, 0.95}}, {1, {{91, 9, 16, 45}, 0.95}}}
Baryonyx.1, {{92, {{90, 8, 17, 46}, 0.99}}, {5, {{89, 8, 18, 46}, 0.99}}, {2, {{90, 9, 17, 45}, 0.99}}, {1, {{91, 9, 16, 45}, 0.99}}}
Suchomimus.3, {{1, {{89, 8, 18, 46}, 0.03}}, {10, {{90, 8, 17, 46}, 0.04}}, {4, {{89, 8, 18, 46}, 0.04}}, {2, {{90, 9, 17, 45}, 0.03}}, {1, {{91, 9, 16, 45}, 0.03}}, {82, {{90, 8, 17, 46}, 0.03}}}
Suchomimus.2, {{9, {{90, 8, 17, 46}, 0.14}}, {32, {{90, 8, 17, 46}, 0.16}}, {3, {{89, 8, 18, 46}, 0.16}}, {3, {{90, 8, 17, 46}, 0.17}}, {1, {{90, 9, 17, 45}, 0.15}}, {2, {{89, 8, 18, 46}, 0.17}}, {1, {{90, 9, 17, 45}, 0.14}}, {1, {{91, 9, 16, 45}, 0.14}}, {48, {{90, 8, 17, 46}, 0.15}}}
Suchomimus.1, {{63, {{90, 8, 17, 46}, 0.04}}, {5, {{89, 8, 18, 46}, 0.04}}, {2, {{90, 9, 17, 45}, 0.03}}, {1, {{91, 9, 16, 45}, 0.03}}, {29, {{90, 8, 17, 46}, 0.03}}}
Suchomimus, {{37, {{90, 8, 17, 46}, 0.16}}, {43, {{90, 8, 17, 46}, 0.17}}, {10, {{90, 8, 17, 46}, 0.18}}, {1, {{91, 9, 16, 45}, 0.15}}, {2, {{89, 8, 18, 46}, 0.17}}, {3, {{89, 8, 18, 46}, 0.18}}, {2, {{90, 9, 17, 45}, 0.16}}, {2, {{90, 8, 17, 46}, 0.15}}}
Baryonyx, {{92, {{90, 8, 17, 46}, 0.99}}, {5, {{89, 8, 18, 46}, 0.99}}, {2, {{90, 9, 17, 45}, 0.99}}, {1, {{91, 9, 16, 45}, 0.99}}}
Australovenator, {{2, {{90, 9, 17, 45}, 0.01}}, {1, {{91, 9, 16, 45}, 0.01}}, {92, {{90, 8, 17, 46}, 0.01}}, {5, {{89, 8, 18, 46}, 0.01}}}
Tyrannotitan, {{44, {{90, 8, 17, 46}, 0.22}}, {13, {{90, 8, 17, 46}, 0.23}}, {1, {{91, 9, 16, 45}, 0.2}}, {2, {{90, 9, 17, 45}, 0.21}}, {5, {{89, 8, 18, 46}, 0.23}}, {35, {{90, 8, 17, 46}, 0.21}}}
Cygnus_olor, {{74, {{90, 8, 17, 46}, 0.07}}, {18, {{90, 8, 17, 46}, 0.08}}, {1, {{89, 8, 18, 46}, 0.07}}, {4, {{89, 8, 18, 46}, 0.08}}, {2, {{90, 9, 17, 45}, 0.07}}, {1, {{91, 9, 16, 45}, 0.07}}}
Aramus_guarauna, {{92, {{90, 8, 17, 46}, 0.0}}, {5, {{89, 8, 18, 46}, 0.0}}, {2, {{90, 9, 17, 45}, 0.0}}, {1, {{91, 9, 16, 45}, 0.0}}}
Sarothrura_rufa, {{2, {{90, 9, 17, 45}, 0.12}}, {32, {{90, 8, 17, 46}, 0.13}}, {1, {{91, 9, 16, 45}, 0.12}}, {2, {{89, 8, 18, 46}, 0.13}}, {60, {{90, 8, 17, 46}, 0.12}}, {3, {{89, 8, 18, 46}, 0.12}}}
Phalacrocorax_harrisi, {{2, {{90, 9, 17, 45}, 0.32}}, {1, {{91, 9, 16, 45}, 0.32}}, {25, {{90, 8, 17, 46}, 0.33}}, {67, {{90, 8, 17, 46}, 0.32}}, {4, {{89, 8, 18, 46}, 0.33}}, {1, {{89, 8, 18, 46}, 0.32}}}
