{{100, {39, 2, 12, 49}}}
{{100, {39, 2, 12, 49}}}
{{100, {28, 4, 23, 47}}}
{{100, {37, 3, 14, 48}}}
{{100, {40, 5, 11, 46}}}
{{100, {42, 3, 9, 48}}}
{{100, {36, 1, 15, 50}}}
{{100, {40, 2, 11, 49}}}
{{100, {41, 5, 10, 46}}}
{{100, {40, 6, 11, 45}}}
{{33, {44, 6, 7, 45}}, {67, {43, 6, 8, 45}}}
{{100, {41, 5, 10, 46}}}
{{100, {40, 3, 11, 48}}}
{{19, {33, 5, 18, 46}}, {81, {34, 5, 17, 46}}}
{{100, {44, 3, 7, 48}}}
{{100, {42, 3, 9, 48}}}
{{100, {41, 5, 10, 46}}}
{{100, {41, 0, 10, 51}}}
{{100, {34, 1, 17, 50}}}
{{100, {35, 6, 16, 45}}}
{{100, {32, 6, 19, 45}}}
{{100, {31, 7, 20, 44}}}
{{86, {41, 7, 10, 44}}, {14, {42, 7, 9, 44}}}
{{99, {37, 4, 14, 47}}, {1, {38, 4, 13, 47}}}
{{2, {36, 5, 15, 46}}, {98, {36, 6, 15, 45}}}
{{100, {37, 3, 14, 48}}}
{{100, {40, 3, 11, 48}}}
{{8, {30, 7, 21, 44}}, {92, {31, 7, 20, 44}}}
{{100, {35, 4, 16, 47}}}
{{100, {37, 4, 14, 47}}}
{{100, {40, 5, 11, 46}}}
{{100, {37, 2, 14, 49}}}
{{98, {36, 3, 15, 48}}, {2, {35, 3, 16, 48}}}
{{100, {38, 2, 13, 49}}}
{{100, {41, 3, 10, 48}}}
{{46, {41, 5, 10, 46}}, {54, {39, 5, 12, 46}}}
{{7, {35, 4, 16, 47}}, {93, {36, 4, 15, 47}}}
{{100, {38, 5, 13, 46}}}
{{12, {40, 6, 11, 45}}, {88, {41, 6, 10, 45}}}
{{100, {35, 4, 16, 47}}}
{{100, {37, 3, 14, 48}}}
{{100, {38, 3, 13, 48}}}
{{100, {38, 4, 13, 47}}}
{{100, {38, 2, 13, 49}}}
{{58, {36, 5, 15, 46}}, {1, {35, 5, 16, 46}}, {41, {34, 5, 17, 46}}}
{{51, {37, 7, 14, 44}}, {49, {39, 7, 12, 44}}}
{{100, {45, 6, 6, 45}}}
{{100, {41, 3, 10, 48}}}
{{100, {41, 5, 10, 46}}}
{{13, {45, 5, 6, 46}}, {87, {44, 5, 7, 46}}}
{{100, {40, 4, 11, 47}}}
{{100, {42, 4, 9, 47}}}
{{100, {38, 4, 13, 47}}}
{{100, {43, 6, 8, 45}}}
{{30, {38, 5, 13, 46}}, {70, {40, 5, 11, 46}}}
{{100, {37, 5, 14, 46}}}
{{100, {40, 4, 11, 47}}}
{{100, {39, 6, 12, 45}}}
{{55, {33, 5, 18, 46}}, {45, {34, 5, 17, 46}}}
{{79, {41, 4, 10, 47}}, {21, {39, 4, 12, 47}}}
{{14, {40, 7, 11, 44}}, {62, {40, 4, 11, 47}}, {1, {40, 5, 11, 46}}, {2, {39, 4, 12, 47}}, {1, {40, 6, 11, 45}}, {20, {38, 4, 13, 47}}}
{{100, {41, 4, 10, 47}}}
{{16, {42, 6, 9, 45}}, {84, {41, 6, 10, 45}}}
{{100, {45, 2, 6, 49}}}
{{100, {42, 7, 9, 44}}}
{{100, {40, 3, 11, 48}}}
{{3, {36, 5, 15, 46}}, {2, {35, 5, 16, 46}}, {25, {34, 5, 17, 46}}, {70, {37, 5, 14, 46}}}
{{100, {38, 3, 13, 48}}}
{{100, {40, 4, 11, 47}}}
{{100, {39, 6, 12, 45}}}
{{100, {41, 2, 10, 49}}}
{{100, {39, 5, 12, 46}}}
{{100, {39, 4, 12, 47}}}
{{100, {38, 8, 13, 43}}}
{{100, {36, 8, 15, 43}}}
{{100, {39, 4, 12, 47}}}
{{100, {44, 3, 7, 48}}}
{{100, {40, 4, 11, 47}}}
{{100, {33, 6, 18, 45}}}
{{5, {35, 4, 16, 47}}, {93, {37, 4, 14, 47}}, {2, {36, 4, 15, 47}}}
{{100, {37, 4, 14, 47}}}
{{100, {41, 4, 10, 47}}}
{{100, {28, 6, 23, 45}}}
{{100, {43, 3, 8, 48}}}
{{100, {38, 3, 13, 48}}}
{{100, {36, 5, 15, 46}}}
{{100, {38, 4, 13, 47}}}
{{100, {37, 7, 14, 44}}}
{{100, {39, 4, 12, 47}}}
{{100, {44, 4, 7, 47}}}
{{3, {38, 1, 13, 50}}, {97, {41, 1, 10, 50}}}
{{100, {47, 2, 4, 49}}}
{{71, {36, 2, 15, 49}}, {29, {35, 2, 16, 49}}}
{{100, {35, 7, 16, 44}}}
{{100, {40, 5, 11, 46}}}
{{100, {37, 3, 14, 48}}}
{{49, {32, 8, 19, 43}}, {3, {33, 8, 18, 43}}, {2, {34, 8, 17, 43}}, {46, {35, 8, 16, 43}}}
{{100, {35, 2, 16, 49}}}
{{100, {39, 5, 12, 46}}}
{{100, {44, 3, 7, 48}}}
{{100, {42, 4, 9, 47}}}
{{7, {36, 3, 15, 48}}, {9, {38, 3, 13, 48}}, {82, {35, 3, 16, 48}}, {2, {37, 3, 14, 48}}}
{{100, {45, 6, 6, 45}}}
{{100, {37, 5, 14, 46}}}
{{100, {36, 4, 15, 47}}}
{{2, {41, 7, 10, 44}}, {98, {41, 5, 10, 46}}}
{{98, {40, 4, 11, 47}}, {2, {39, 4, 12, 47}}}
{{22, {38, 6, 13, 45}}, {26, {39, 7, 12, 44}}, {39, {38, 7, 13, 44}}, {13, {39, 6, 12, 45}}}
{{23, {33, 6, 18, 45}}, {77, {34, 6, 17, 45}}}
{{100, {35, 1, 16, 50}}}
{{100, {44, 3, 7, 48}}}
{{100, {41, 4, 10, 47}}}
{{64, {41, 7, 10, 44}}, {36, {41, 8, 10, 43}}}
{{100, {42, 2, 9, 49}}}
{{3, {32, 3, 19, 48}}, {97, {33, 3, 18, 48}}}
{{39, {36, 5, 15, 46}}, {33, {36, 6, 15, 45}}, {5, {37, 5, 14, 46}}, {23, {37, 6, 14, 45}}}
{{100, {37, 4, 14, 47}}}
{{100, {46, 5, 5, 46}}}
{{100, {35, 6, 16, 45}}}
{{100, {33, 5, 18, 46}}}
{{100, {43, 3, 8, 48}}}
{{100, {40, 4, 11, 47}}}
{{100, {42, 2, 9, 49}}}
{{5, {37, 4, 14, 47}}, {95, {38, 4, 13, 47}}}
{{100, {40, 6, 11, 45}}}
{{100, {33, 4, 18, 47}}}
{{100, {44, 2, 7, 49}}}
{{19, {40, 6, 11, 45}}, {81, {41, 6, 10, 45}}}
{{100, {43, 5, 8, 46}}}
{{100, {36, 4, 15, 47}}}
{{100, {38, 3, 13, 48}}}
{{100, {40, 5, 11, 46}}}
{{100, {38, 4, 13, 47}}}
{{100, {40, 2, 11, 49}}}
{{100, {36, 3, 15, 48}}}
{{100, {34, 9, 17, 42}}}
{{100, {31, 3, 20, 48}}}
{{100, {40, 2, 11, 49}}}
{{100, {37, 3, 14, 48}}}
{{100, {39, 7, 12, 44}}}
{{91, {40, 4, 11, 47}}, {9, {40, 5, 11, 46}}}
{{100, {40, 3, 11, 48}}}
{{100, {37, 6, 14, 45}}}
{{100, {36, 5, 15, 46}}}
{{100, {40, 2, 11, 49}}}
{{100, {41, 4, 10, 47}}}
{{100, {36, 5, 15, 46}}}
{{100, {41, 3, 10, 48}}}
{{100, {39, 4, 12, 47}}}
{{100, {37, 4, 14, 47}}}
{{100, {41, 4, 10, 47}}}
{{100, {40, 2, 11, 49}}}
{{100, {45, 2, 6, 49}}}
{{9, {36, 5, 15, 46}}, {91, {37, 5, 14, 46}}}
{{100, {39, 6, 12, 45}}}
{{100, {36, 4, 15, 47}}}
{{100, {39, 4, 12, 47}}}
{{4, {36, 1, 15, 50}}, {96, {39, 1, 12, 50}}}
{{100, {39, 4, 12, 47}}}
{{100, {35, 12, 16, 39}}}
{{100, {38, 3, 13, 48}}}
{{100, {40, 7, 11, 44}}}
{{100, {43, 2, 8, 49}}}
{{100, {39, 3, 12, 48}}}
{{4, {40, 2, 11, 49}}, {96, {40, 3, 11, 48}}}
{{100, {39, 3, 12, 48}}}
{{100, {30, 5, 21, 46}}}
{{58, {39, 4, 12, 47}}, {42, {38, 4, 13, 47}}}
{{100, {42, 2, 9, 49}}}
{{100, {42, 1, 9, 50}}}
{{100, {35, 6, 16, 45}}}
{{100, {38, 3, 13, 48}}}
{{100, {40, 2, 11, 49}}}
{{100, {38, 0, 13, 51}}}
{{100, {41, 4, 10, 47}}}
{{100, {42, 2, 9, 49}}}
{{100, {41, 4, 10, 47}}}
{{80, {33, 5, 18, 46}}, {20, {34, 5, 17, 46}}}
{{100, {35, 4, 16, 47}}}
{{100, {41, 8, 10, 43}}}
{{100, {40, 7, 11, 44}}}
{{100, {35, 6, 16, 45}}}
{{1, {37, 4, 14, 47}}, {99, {36, 4, 15, 47}}}
{{100, {34, 4, 17, 47}}}
{{100, {41, 4, 10, 47}}}
{{100, {34, 3, 17, 48}}}
{{3, {39, 4, 12, 47}}, {97, {39, 3, 12, 48}}}
{{100, {44, 5, 7, 46}}}
{{100, {39, 5, 12, 46}}}
{{100, {41, 2, 10, 49}}}
{{100, {38, 6, 13, 45}}}
{{100, {36, 3, 15, 48}}}
{{100, {39, 6, 12, 45}}}
{{100, {40, 5, 11, 46}}}
{{100, {45, 4, 6, 47}}}
{{100, {39, 9, 12, 42}}}
{{100, {35, 1, 16, 50}}}
{{58, {38, 5, 13, 46}}, {1, {36, 4, 15, 47}}, {41, {38, 4, 13, 47}}}
{{100, {35, 4, 16, 47}}}
{{100, {36, 3, 15, 48}}}
{{100, {40, 5, 11, 46}}}
{{100, {41, 4, 10, 47}}}
{{100, {41, 3, 10, 48}}}
{{100, {39, 5, 12, 46}}}
{{100, {38, 3, 13, 48}}}
{{1, {36, 5, 15, 46}}, {99, {36, 6, 15, 45}}}
{{100, {41, 3, 10, 48}}}
{{100, {35, 3, 16, 48}}}
{{85, {35, 2, 16, 49}}, {15, {37, 2, 14, 49}}}
{{100, {36, 6, 15, 45}}}
{{100, {39, 4, 12, 47}}}
{{100, {35, 2, 16, 49}}}
{{100, {38, 4, 13, 47}}}
{{100, {39, 3, 12, 48}}}
{{100, {36, 4, 15, 47}}}
{{100, {41, 4, 10, 47}}}
{{96, {41, 3, 10, 48}}, {4, {39, 3, 12, 48}}}
{{100, {41, 2, 10, 49}}}
{{100, {44, 3, 7, 48}}}
{{73, {40, 5, 11, 46}}, {27, {41, 5, 10, 46}}}
{{100, {42, 4, 9, 47}}}
{{90, {45, 3, 6, 48}}, {10, {43, 3, 8, 48}}}
{{100, {42, 4, 9, 47}}}
{{100, {32, 3, 19, 48}}}
{{100, {43, 1, 8, 50}}}
{{100, {41, 4, 10, 47}}}
{{5, {40, 7, 11, 44}}, {95, {41, 7, 10, 44}}}
{{100, {40, 3, 11, 48}}}
{{61, {38, 6, 13, 45}}, {39, {37, 6, 14, 45}}}
{{100, {39, 7, 12, 44}}}
{{100, {43, 4, 8, 47}}}
{{20, {41, 2, 10, 49}}, {80, {41, 3, 10, 48}}}
{{100, {38, 6, 13, 45}}}
{{100, {40, 4, 11, 47}}}
{{100, {39, 6, 12, 45}}}
{{100, {41, 4, 10, 47}}}
{{100, {42, 3, 9, 48}}}
{{10, {36, 3, 15, 48}}, {90, {37, 3, 14, 48}}}
{{100, {36, 4, 15, 47}}}
{{18, {35, 4, 16, 47}}, {82, {34, 4, 17, 47}}}
{{100, {41, 5, 10, 46}}}
{{100, {41, 5, 10, 46}}}
{{100, {41, 1, 10, 50}}}
{{100, {40, 4, 11, 47}}}
{{100, {34, 6, 17, 45}}}
{{100, {35, 3, 16, 48}}}
{{100, {38, 5, 13, 46}}}
{{1, {42, 2, 9, 49}}, {99, {41, 2, 10, 49}}}
{{100, {35, 6, 16, 45}}}
{{100, {40, 4, 11, 47}}}
{{100, {39, 4, 12, 47}}}
{{100, {43, 2, 8, 49}}}
{{100, {39, 5, 12, 46}}}
{{100, {40, 3, 11, 48}}}
{{48, {36, 6, 15, 45}}, {2, {33, 6, 18, 45}}, {2, {37, 6, 14, 45}}, {48, {39, 6, 12, 45}}}
{{100, {40, 2, 11, 49}}}
{{59, {35, 4, 16, 47}}, {41, {37, 4, 14, 47}}}
{{89, {44, 1, 7, 50}}, {10, {42, 1, 9, 50}}, {1, {43, 1, 8, 50}}}
{{100, {36, 4, 15, 47}}}
{{56, {38, 5, 13, 46}}, {40, {40, 5, 11, 46}}, {4, {39, 5, 12, 46}}}
{{100, {39, 4, 12, 47}}}
{{100, {41, 5, 10, 46}}}
{{100, {39, 7, 12, 44}}}
{{100, {38, 6, 13, 45}}}
{{5, {38, 5, 13, 46}}, {95, {39, 5, 12, 46}}}
{{100, {33, 4, 18, 47}}}
{{100, {38, 4, 13, 47}}}
{{100, {33, 6, 18, 45}}}
{{100, {41, 3, 10, 48}}}
{{100, {44, 2, 7, 49}}}
{{100, {38, 2, 13, 49}}}
{{100, {40, 5, 11, 46}}}
{{100, {44, 2, 7, 49}}}
{{100, {35, 5, 16, 46}}}
{{100, {42, 3, 9, 48}}}
{{36, {37, 7, 14, 44}}, {37, {37, 4, 14, 47}}, {15, {37, 5, 14, 46}}, {12, {37, 6, 14, 45}}}
{{100, {42, 2, 9, 49}}}
{{100, {42, 3, 9, 48}}}
{{100, {42, 4, 9, 47}}}
{{100, {42, 4, 9, 47}}}
{{6, {38, 6, 13, 45}}, {94, {37, 6, 14, 45}}}
{{100, {34, 5, 17, 46}}}
{{100, {42, 3, 9, 48}}}
{{5, {38, 2, 13, 49}}, {95, {39, 2, 12, 49}}}
{{100, {40, 2, 11, 49}}}
{{100, {43, 1, 8, 50}}}
{{100, {39, 3, 12, 48}}}
{{100, {38, 4, 13, 47}}}
{{100, {34, 4, 17, 47}}}
{{47, {38, 3, 13, 48}}, {53, {41, 3, 10, 48}}}
{{87, {46, 3, 5, 48}}, {13, {47, 3, 4, 48}}}
{{100, {41, 5, 10, 46}}}
{{63, {32, 4, 19, 47}}, {37, {32, 5, 19, 46}}}
{{94, {43, 2, 8, 49}}, {6, {43, 3, 8, 48}}}
{{100, {42, 4, 9, 47}}}
{{100, {44, 3, 7, 48}}}
{{100, {41, 4, 10, 47}}}
{{100, {39, 5, 12, 46}}}
{{100, {41, 2, 10, 49}}}
{{100, {39, 2, 12, 49}}}
{{2, {32, 5, 19, 46}}, {98, {30, 5, 21, 46}}}
{{2, {39, 4, 12, 47}}, {98, {39, 3, 12, 48}}}
{{100, {38, 2, 13, 49}}}
{{100, {43, 4, 8, 47}}}
{{8, {36, 2, 15, 49}}, {92, {36, 4, 15, 47}}}
{{100, {42, 3, 9, 48}}}
{{100, {40, 6, 11, 45}}}
{{78, {37, 4, 14, 47}}, {22, {40, 4, 11, 47}}}
{{100, {37, 3, 14, 48}}}
{{100, {42, 4, 9, 47}}}
{{3, {31, 6, 20, 45}}, {1, {32, 5, 19, 46}}, {11, {32, 6, 19, 45}}, {38, {30, 5, 21, 46}}, {47, {30, 6, 21, 45}}}
{{100, {41, 4, 10, 47}}}
{{96, {42, 2, 9, 49}}, {4, {42, 3, 9, 48}}}
{{100, {37, 6, 14, 45}}}
{{100, {39, 8, 12, 43}}}
{{100, {36, 4, 15, 47}}}
{{100, {37, 4, 14, 47}}}
{{100, {37, 2, 14, 49}}}
{{100, {36, 3, 15, 48}}}
{{79, {39, 7, 12, 44}}, {21, {39, 6, 12, 45}}}
{{100, {41, 6, 10, 45}}}
{{100, {44, 2, 7, 49}}}
{{62, {37, 4, 14, 47}}, {14, {39, 4, 12, 47}}, {24, {38, 4, 13, 47}}}
{{100, {41, 6, 10, 45}}}
{{100, {45, 3, 6, 48}}}
{{99, {38, 5, 13, 46}}, {1, {37, 5, 14, 46}}}
{{100, {39, 4, 12, 47}}}
{{5, {35, 4, 16, 47}}, {95, {35, 5, 16, 46}}}
{{100, {33, 6, 18, 45}}}
{{100, {41, 4, 10, 47}}}
{{100, {36, 6, 15, 45}}}
{{100, {34, 4, 17, 47}}}
{{100, {41, 4, 10, 47}}}
{{100, {36, 6, 15, 45}}}
{{100, {44, 1, 7, 50}}}
{{35, {40, 8, 11, 43}}, {65, {38, 8, 13, 43}}}
{{48, {45, 2, 6, 49}}, {52, {44, 2, 7, 49}}}
{{92, {36, 5, 15, 46}}, {8, {37, 5, 14, 46}}}
{{100, {39, 3, 12, 48}}}
{{89, {40, 2, 11, 49}}, {11, {39, 2, 12, 49}}}
{{100, {39, 5, 12, 46}}}
{{100, {41, 1, 10, 50}}}
{{10, {39, 1, 12, 50}}, {90, {39, 3, 12, 48}}}
{{100, {44, 6, 7, 45}}}
{{100, {41, 2, 10, 49}}}
{{100, {37, 3, 14, 48}}}
{{1, {34, 2, 17, 49}}, {99, {34, 5, 17, 46}}}
{{100, {41, 4, 10, 47}}}
{{100, {41, 3, 10, 48}}}
{{100, {45, 4, 6, 47}}}
{{100, {39, 2, 12, 49}}}
{{100, {33, 7, 18, 44}}}
{{100, {35, 6, 16, 45}}}
{{5, {36, 5, 15, 46}}, {43, {38, 5, 13, 46}}, {52, {39, 5, 12, 46}}}
{{84, {39, 7, 12, 44}}, {16, {39, 5, 12, 46}}}
{{19, {37, 7, 14, 44}}, {51, {39, 7, 12, 44}}, {30, {38, 7, 13, 44}}}
{{100, {28, 8, 23, 43}}}
{{100, {35, 6, 16, 45}}}
{{100, {39, 3, 12, 48}}}
{{100, {42, 4, 9, 47}}}
{{51, {41, 2, 10, 49}}, {49, {41, 3, 10, 48}}}
{{100, {42, 3, 9, 48}}}
{{100, {41, 2, 10, 49}}}
{{100, {41, 3, 10, 48}}}
{{100, {37, 5, 14, 46}}}
{{100, {43, 1, 8, 50}}}
{{100, {41, 2, 10, 49}}}
{{100, {40, 7, 11, 44}}}
{{4, {36, 3, 15, 48}}, {1, {37, 3, 14, 48}}, {93, {40, 3, 11, 48}}, {2, {39, 3, 12, 48}}}
{{100, {37, 6, 14, 45}}}
{{100, {42, 3, 9, 48}}}
{{5, {34, 7, 17, 44}}, {95, {35, 7, 16, 44}}}
{{11, {36, 5, 15, 46}}, {26, {38, 5, 13, 46}}, {63, {37, 5, 14, 46}}}
{{47, {39, 8, 12, 43}}, {53, {38, 8, 13, 43}}}
{{15, {42, 4, 9, 47}}, {85, {43, 4, 8, 47}}}
{{100, {40, 4, 11, 47}}}
{{100, {41, 1, 10, 50}}}
{{100, {42, 4, 9, 47}}}
{{12, {37, 7, 14, 44}}, {88, {39, 7, 12, 44}}}
{{100, {44, 4, 7, 47}}}
{{16, {35, 4, 16, 47}}, {13, {35, 2, 16, 49}}, {22, {35, 5, 16, 46}}, {37, {35, 3, 16, 48}}, {9, {33, 2, 18, 49}}, {3, {33, 3, 18, 48}}}
{{100, {41, 3, 10, 48}}}
{{66, {35, 4, 16, 47}}, {34, {36, 4, 15, 47}}}
{{99, {40, 4, 11, 47}}, {1, {40, 5, 11, 46}}}
{{100, {40, 5, 11, 46}}}
{{100, {35, 4, 16, 47}}}
{{100, {38, 7, 13, 44}}}
{{100, {39, 3, 12, 48}}}
{{100, {43, 5, 8, 46}}}
{{100, {35, 6, 16, 45}}}
{{100, {38, 3, 13, 48}}}
{{100, {37, 3, 14, 48}}}
{{100, {42, 8, 9, 43}}}
{{100, {41, 3, 10, 48}}}
{{93, {39, 4, 12, 47}}, {7, {38, 4, 13, 47}}}
{{89, {37, 5, 14, 46}}, {11, {37, 6, 14, 45}}}
{{100, {41, 9, 10, 42}}}
{{100, {30, 4, 21, 47}}}
{{2, {38, 5, 13, 46}}, {5, {38, 6, 13, 45}}, {56, {39, 5, 12, 46}}, {37, {39, 6, 12, 45}}}
{{100, {38, 3, 13, 48}}}
{{100, {35, 7, 16, 44}}}
{{100, {39, 5, 12, 46}}}
{{100, {35, 5, 16, 46}}}
{{25, {31, 4, 20, 47}}, {75, {34, 4, 17, 47}}}
{{100, {37, 7, 14, 44}}}
{{100, {34, 7, 17, 44}}}
{{100, {39, 7, 12, 44}}}
{{100, {44, 2, 7, 49}}}
{{100, {45, 2, 6, 49}}}
{{100, {38, 4, 13, 47}}}
{{100, {37, 7, 14, 44}}}
{{100, {39, 5, 12, 46}}}
{{100, {37, 3, 14, 48}}}
{{100, {40, 7, 11, 44}}}
{{100, {38, 4, 13, 47}}}
{{100, {39, 4, 12, 47}}}
{{100, {42, 4, 9, 47}}}
{{22, {38, 5, 13, 46}}, {78, {38, 4, 13, 47}}}
{{6, {35, 4, 16, 47}}, {94, {35, 3, 16, 48}}}
{{100, {38, 5, 13, 46}}}
{{100, {44, 3, 7, 48}}}
{{100, {36, 3, 15, 48}}}
{{100, {40, 1, 11, 50}}}
{{100, {44, 3, 7, 48}}}
{{89, {34, 7, 17, 44}}, {11, {35, 7, 16, 44}}}
{{100, {42, 4, 9, 47}}}
{{100, {41, 4, 10, 47}}}
{{100, {33, 4, 18, 47}}}
{{100, {41, 4, 10, 47}}}
{{93, {42, 3, 9, 48}}, {7, {40, 3, 11, 48}}}
{{100, {35, 6, 16, 45}}}
{{100, {43, 0, 8, 51}}}
{{96, {42, 4, 9, 47}}, {2, {40, 4, 11, 47}}, {2, {41, 4, 10, 47}}}
{{100, {36, 3, 15, 48}}}
{{100, {35, 5, 16, 46}}}
{{100, {45, 3, 6, 48}}}
{{100, {39, 3, 12, 48}}}
{{100, {42, 3, 9, 48}}}
{{100, {39, 5, 12, 46}}}
{{100, {40, 2, 11, 49}}}
{{100, {45, 3, 6, 48}}}
{{100, {41, 2, 10, 49}}}
{{10, {44, 3, 7, 48}}, {2, {42, 3, 9, 48}}, {1, {43, 3, 8, 48}}, {56, {40, 3, 11, 48}}, {31, {41, 3, 10, 48}}}
{{100, {31, 4, 20, 47}}}
{{100, {40, 3, 11, 48}}}
{{100, {40, 1, 11, 50}}}
{{52, {37, 4, 14, 47}}, {48, {40, 4, 11, 47}}}
{{100, {41, 2, 10, 49}}}
{{100, {39, 5, 12, 46}}}
{{100, {40, 1, 11, 50}}}
{{100, {31, 6, 20, 45}}}
{{7, {38, 2, 13, 49}}, {1, {38, 3, 13, 48}}, {92, {38, 4, 13, 47}}}
{{100, {42, 4, 9, 47}}}
{{100, {35, 4, 16, 47}}}
{{97, {36, 7, 15, 44}}, {3, {36, 8, 15, 43}}}
{{100, {40, 3, 11, 48}}}
{{96, {36, 5, 15, 46}}, {4, {38, 5, 13, 46}}}
{{100, {39, 3, 12, 48}}}
{{100, {40, 2, 11, 49}}}
{{1, {38, 5, 13, 46}}, {1, {38, 6, 13, 45}}, {98, {38, 4, 13, 47}}}
{{91, {38, 6, 13, 45}}, {9, {38, 7, 13, 44}}}
{{100, {35, 2, 16, 49}}}
{{100, {34, 7, 17, 44}}}
{{100, {30, 4, 21, 47}}}
{{100, {38, 4, 13, 47}}}
{{2, {42, 6, 9, 45}}, {9, {43, 6, 8, 45}}, {73, {41, 6, 10, 45}}, {16, {39, 6, 12, 45}}}
{{1, {36, 5, 15, 46}}, {99, {37, 5, 14, 46}}}
{{100, {41, 2, 10, 49}}}
{{100, {41, 5, 10, 46}}}
{{1, {35, 4, 16, 47}}, {1, {36, 3, 15, 48}}, {2, {38, 3, 13, 48}}, {12, {32, 4, 19, 47}}, {2, {33, 4, 18, 47}}, {1, {31, 3, 20, 48}}, {75, {32, 3, 19, 48}}, {3, {33, 3, 18, 48}}, {1, {37, 3, 14, 48}}, {2, {38, 4, 13, 47}}}
{{100, {34, 8, 17, 43}}}
{{3, {34, 7, 17, 44}}, {8, {34, 8, 17, 43}}, {87, {36, 8, 15, 43}}, {2, {35, 8, 16, 43}}}
{{75, {38, 5, 13, 46}}, {25, {37, 5, 14, 46}}}
{{100, {35, 4, 16, 47}}}
{{100, {34, 9, 17, 42}}}
{{100, {39, 6, 12, 45}}}
{{100, {37, 5, 14, 46}}}
{{100, {39, 4, 12, 47}}}
{{100, {39, 5, 12, 46}}}
{{100, {40, 3, 11, 48}}}
{{100, {38, 6, 13, 45}}}
{{100, {40, 3, 11, 48}}}
{{100, {37, 5, 14, 46}}}
{{100, {41, 2, 10, 49}}}
{{79, {42, 4, 9, 47}}, {21, {40, 4, 11, 47}}}
{{98, {37, 4, 14, 47}}, {2, {37, 5, 14, 46}}}
{{100, {41, 2, 10, 49}}}
{{100, {38, 2, 13, 49}}}
{{100, {44, 5, 7, 46}}}
{{100, {37, 1, 14, 50}}}
{{100, {39, 2, 12, 49}}}
{{35, {40, 4, 11, 47}}, {25, {41, 4, 10, 47}}, {10, {40, 5, 11, 46}}, {30, {41, 5, 10, 46}}}
{{94, {32, 5, 19, 46}}, {6, {30, 5, 21, 46}}}
{{15, {38, 5, 13, 46}}, {85, {38, 4, 13, 47}}}
{{100, {43, 3, 8, 48}}}
{{100, {32, 4, 19, 47}}}
{{100, {36, 4, 15, 47}}}
{{100, {39, 2, 12, 49}}}
{{100, {40, 7, 11, 44}}}
{{100, {39, 0, 12, 51}}}
{{100, {41, 4, 10, 47}}}
{{100, {36, 3, 15, 48}}}
{{100, {40, 4, 11, 47}}}
{{26, {36, 6, 15, 45}}, {74, {37, 6, 14, 45}}}
{{100, {39, 5, 12, 46}}}
{{100, {41, 8, 10, 43}}}
{{100, {36, 4, 15, 47}}}
{{100, {34, 3, 17, 48}}}
{{7, {36, 5, 15, 46}}, {93, {37, 5, 14, 46}}}
{{100, {39, 4, 12, 47}}}
{{100, {37, 5, 14, 46}}}
{{100, {40, 5, 11, 46}}}
{{100, {41, 6, 10, 45}}}
{{28, {32, 8, 19, 43}}, {72, {34, 8, 17, 43}}}
{{100, {36, 8, 15, 43}}}
{{7, {38, 1, 13, 50}}, {93, {38, 3, 13, 48}}}
{{100, {38, 2, 13, 49}}}
{{100, {37, 5, 14, 46}}}
{{2, {40, 5, 11, 46}}, {98, {41, 5, 10, 46}}}
{{100, {40, 4, 11, 47}}}
{{100, {37, 5, 14, 46}}}
{{100, {42, 2, 9, 49}}}
{{2, {31, 4, 20, 47}}, {98, {33, 4, 18, 47}}}
{{37, {36, 5, 15, 46}}, {63, {36, 7, 15, 44}}}
{{100, {40, 7, 11, 44}}}
{{6, {31, 2, 20, 49}}, {94, {34, 2, 17, 49}}}
{{69, {36, 3, 15, 48}}, {13, {35, 3, 16, 48}}, {18, {37, 3, 14, 48}}}
{{100, {48, 7, 3, 44}}}
{{100, {38, 3, 13, 48}}}
{{100, {33, 6, 18, 45}}}
{{100, {39, 3, 12, 48}}}
{{100, {37, 4, 14, 47}}}
{{100, {42, 4, 9, 47}}}
{{100, {40, 4, 11, 47}}}
{{100, {33, 4, 18, 47}}}
{{100, {40, 3, 11, 48}}}
{{100, {33, 1, 18, 50}}}
{{100, {42, 4, 9, 47}}}
{{1, {35, 4, 16, 47}}, {45, {37, 4, 14, 47}}, {54, {36, 4, 15, 47}}}
{{100, {36, 4, 15, 47}}}
{{14, {38, 2, 13, 49}}, {78, {38, 1, 13, 50}}, {8, {38, 3, 13, 48}}}
{{100, {36, 4, 15, 47}}}
{{100, {39, 5, 12, 46}}}
{{100, {43, 1, 8, 50}}}
{{99, {42, 4, 9, 47}}, {1, {41, 4, 10, 47}}}
{{100, {37, 8, 14, 43}}}
{{54, {34, 8, 17, 43}}, {46, {36, 8, 15, 43}}}
{{22, {36, 5, 15, 46}}, {78, {38, 5, 13, 46}}}
{{100, {39, 2, 12, 49}}}
{{97, {36, 3, 15, 48}}, {3, {36, 4, 15, 47}}}
{{100, {40, 4, 11, 47}}}
{{100, {37, 4, 14, 47}}}
{{100, {36, 7, 15, 44}}}
{{100, {39, 7, 12, 44}}}
{{100, {40, 1, 11, 50}}}
{{100, {34, 4, 17, 47}}}
{{100, {39, 2, 12, 49}}}
{{100, {38, 4, 13, 47}}}
{{100, {45, 4, 6, 47}}}
{{100, {33, 5, 18, 46}}}
{{96, {48, 6, 3, 45}}, {4, {48, 4, 3, 47}}}
{{21, {32, 3, 19, 48}}, {79, {33, 3, 18, 48}}}
{{100, {41, 1, 10, 50}}}
{{100, {36, 4, 15, 47}}}
{{100, {39, 3, 12, 48}}}
{{100, {41, 4, 10, 47}}}
{{100, {35, 4, 16, 47}}}
{{100, {39, 4, 12, 47}}}
{{100, {39, 2, 12, 49}}}
{{100, {36, 6, 15, 45}}}
{{24, {36, 6, 15, 45}}, {76, {36, 7, 15, 44}}}
{{100, {40, 3, 11, 48}}}
{{100, {44, 4, 7, 47}}}
{{100, {38, 3, 13, 48}}}
{{100, {34, 3, 17, 48}}}
{{100, {35, 2, 16, 49}}}
{{100, {42, 2, 9, 49}}}
{{100, {38, 3, 13, 48}}}
{{100, {39, 3, 12, 48}}}
{{100, {38, 4, 13, 47}}}
{{100, {40, 4, 11, 47}}}
{{71, {33, 5, 18, 46}}, {29, {33, 3, 18, 48}}}
{{100, {41, 2, 10, 49}}}
{{100, {45, 3, 6, 48}}}
{{78, {38, 5, 13, 46}}, {22, {40, 5, 11, 46}}}
{{100, {40, 7, 11, 44}}}
{{100, {41, 2, 10, 49}}}
{{33, {45, 4, 6, 47}}, {67, {44, 4, 7, 47}}}
{{26, {38, 3, 13, 48}}, {74, {39, 3, 12, 48}}}
{{100, {33, 5, 18, 46}}}
{{100, {38, 4, 13, 47}}}
{{74, {40, 2, 11, 49}}, {26, {41, 2, 10, 49}}}
{{100, {35, 4, 16, 47}}}
{{100, {38, 3, 13, 48}}}
{{31, {37, 4, 14, 47}}, {64, {40, 4, 11, 47}}, {1, {37, 3, 14, 48}}, {3, {39, 4, 12, 47}}, {1, {40, 3, 11, 48}}}
{{100, {39, 5, 12, 46}}}
{{100, {39, 4, 12, 47}}}
{{100, {43, 5, 8, 46}}}
{{100, {38, 3, 13, 48}}}
{{49, {40, 7, 11, 44}}, {51, {38, 7, 13, 44}}}
{{100, {39, 5, 12, 46}}}
{{36, {42, 2, 9, 49}}, {4, {43, 2, 8, 49}}, {60, {41, 2, 10, 49}}}
{{70, {40, 4, 11, 47}}, {30, {40, 3, 11, 48}}}
{{100, {38, 10, 13, 41}}}
{{100, {43, 3, 8, 48}}}
{{100, {37, 5, 14, 46}}}
{{100, {42, 7, 9, 44}}}
{{100, {42, 3, 9, 48}}}
{{100, {39, 7, 12, 44}}}
{{100, {35, 3, 16, 48}}}
{{100, {39, 4, 12, 47}}}
{{2, {38, 2, 13, 49}}, {98, {38, 3, 13, 48}}}
{{100, {41, 2, 10, 49}}}
{{100, {44, 1, 7, 50}}}
{{100, {42, 2, 9, 49}}}
{{100, {42, 1, 9, 50}}}
{{100, {35, 4, 16, 47}}}
{{100, {39, 5, 12, 46}}}
{{100, {40, 3, 11, 48}}}
{{100, {36, 4, 15, 47}}}
{{100, {36, 3, 15, 48}}}
{{84, {37, 8, 14, 43}}, {15, {36, 8, 15, 43}}, {1, {35, 8, 16, 43}}}
{{100, {34, 5, 17, 46}}}
{{100, {39, 4, 12, 47}}}
{{100, {44, 5, 7, 46}}}
{{100, {34, 5, 17, 46}}}
{{100, {39, 8, 12, 43}}}
{{100, {35, 3, 16, 48}}}
{{100, {40, 1, 11, 50}}}
{{16, {35, 6, 16, 45}}, {84, {34, 6, 17, 45}}}
{{100, {39, 2, 12, 49}}}
{{100, {37, 1, 14, 50}}}
{{100, {34, 4, 17, 47}}}
{{100, {44, 2, 7, 49}}}
{{100, {43, 3, 8, 48}}}
{{100, {41, 3, 10, 48}}}
{{100, {35, 3, 16, 48}}}
{{94, {37, 4, 14, 47}}, {6, {36, 4, 15, 47}}}
{{100, {45, 2, 6, 49}}}
{{100, {42, 4, 9, 47}}}
{{100, {39, 2, 12, 49}}}
{{100, {40, 4, 11, 47}}}
{{100, {41, 2, 10, 49}}}
{{25, {37, 4, 14, 47}}, {75, {40, 4, 11, 47}}}
{{100, {40, 4, 11, 47}}}
{{100, {42, 6, 9, 45}}}
{{100, {40, 7, 11, 44}}}
{{100, {41, 2, 10, 49}}}
{{100, {34, 6, 17, 45}}}
{{100, {36, 1, 15, 50}}}
{{100, {35, 5, 16, 46}}}
{{1, {38, 1, 13, 50}}, {37, {42, 1, 9, 50}}, {2, {43, 1, 8, 50}}, {60, {41, 1, 10, 50}}}
{{100, {38, 2, 13, 49}}}
{{100, {42, 4, 9, 47}}}
{{100, {40, 4, 11, 47}}}
{{100, {43, 3, 8, 48}}}
{{100, {41, 4, 10, 47}}}
{{100, {39, 3, 12, 48}}}
{{100, {40, 3, 11, 48}}}
{{100, {40, 4, 11, 47}}}
{{4, {33, 10, 18, 41}}, {83, {34, 10, 17, 41}}, {13, {34, 11, 17, 40}}}
{{100, {42, 2, 9, 49}}}
{{100, {38, 3, 13, 48}}}
{{100, {40, 1, 11, 50}}}
{{100, {43, 3, 8, 48}}}
{{100, {41, 2, 10, 49}}}
{{100, {37, 3, 14, 48}}}
{{100, {39, 2, 12, 49}}}
{{100, {33, 2, 18, 49}}}
{{76, {37, 4, 14, 47}}, {24, {37, 3, 14, 48}}}
{{37, {40, 5, 11, 46}}, {63, {41, 5, 10, 46}}}
{{100, {36, 2, 15, 49}}}
{{100, {35, 7, 16, 44}}}
{{100, {37, 1, 14, 50}}}
{{96, {40, 3, 11, 48}}, {4, {39, 3, 12, 48}}}
{{10, {38, 1, 13, 50}}, {90, {39, 1, 12, 50}}}
{{100, {39, 5, 12, 46}}}
{{2, {37, 5, 14, 46}}, {1, {40, 5, 11, 46}}, {97, {39, 5, 12, 46}}}
{{100, {40, 5, 11, 46}}}
{{100, {44, 5, 7, 46}}}
{{100, {35, 8, 16, 43}}}
{{100, {39, 2, 12, 49}}}
{{31, {38, 2, 13, 49}}, {69, {39, 2, 12, 49}}}
{{100, {41, 3, 10, 48}}}
{{55, {40, 5, 11, 46}}, {45, {41, 5, 10, 46}}}
{{100, {45, 3, 6, 48}}}
{{100, {36, 7, 15, 44}}}
{{100, {39, 4, 12, 47}}}
{{13, {38, 2, 13, 49}}, {87, {41, 2, 10, 49}}}
{{100, {45, 2, 6, 49}}}
{{19, {45, 5, 6, 46}}, {81, {44, 5, 7, 46}}}
{{98, {40, 4, 11, 47}}, {2, {40, 3, 11, 48}}}
{{100, {38, 3, 13, 48}}}
{{100, {39, 1, 12, 50}}}
{{100, {44, 1, 7, 50}}}
{{100, {35, 5, 16, 46}}}
{{100, {38, 3, 13, 48}}}
{{100, {30, 8, 21, 43}}}
{{100, {40, 4, 11, 47}}}
{{100, {42, 1, 9, 50}}}
{{100, {38, 6, 13, 45}}}
{{77, {40, 3, 11, 48}}, {23, {41, 3, 10, 48}}}
{{100, {40, 3, 11, 48}}}
{{100, {37, 5, 14, 46}}}
{{100, {42, 3, 9, 48}}}
{{30, {31, 2, 20, 49}}, {70, {32, 2, 19, 49}}}
{{100, {38, 4, 13, 47}}}
{{100, {38, 6, 13, 45}}}
{{100, {36, 6, 15, 45}}}
{{76, {37, 4, 14, 47}}, {24, {36, 4, 15, 47}}}
{{100, {38, 4, 13, 47}}}
{{100, {38, 4, 13, 47}}}
{{100, {38, 7, 13, 44}}}
{{100, {46, 1, 5, 50}}}
{{100, {41, 9, 10, 42}}}
{{100, {37, 5, 14, 46}}}
{{100, {40, 4, 11, 47}}}
{{56, {36, 3, 15, 48}}, {44, {36, 4, 15, 47}}}
{{100, {36, 4, 15, 47}}}
{{78, {38, 3, 13, 48}}, {22, {35, 3, 16, 48}}}
{{100, {42, 8, 9, 43}}}
{{100, {37, 4, 14, 47}}}
{{100, {37, 4, 14, 47}}}
{{100, {38, 0, 13, 51}}}
{{100, {42, 3, 9, 48}}}
{{13, {43, 4, 8, 47}}, {1, {41, 4, 10, 47}}, {86, {44, 4, 7, 47}}}
{{100, {43, 4, 8, 47}}}
{{5, {37, 7, 14, 44}}, {2, {37, 4, 14, 47}}, {93, {37, 6, 14, 45}}}
{{7, {32, 4, 19, 47}}, {93, {32, 5, 19, 46}}}
{{100, {39, 4, 12, 47}}}
{{100, {42, 4, 9, 47}}}
{{100, {37, 4, 14, 47}}}
{{100, {43, 3, 8, 48}}}
{{16, {42, 4, 9, 47}}, {84, {42, 3, 9, 48}}}
{{100, {36, 3, 15, 48}}}
{{100, {33, 5, 18, 46}}}
{{100, {40, 2, 11, 49}}}
{{100, {43, 5, 8, 46}}}
{{100, {39, 2, 12, 49}}}
{{100, {35, 4, 16, 47}}}
{{94, {36, 6, 15, 45}}, {6, {35, 6, 16, 45}}}
{{96, {35, 4, 16, 47}}, {4, {37, 4, 14, 47}}}
{{100, {37, 7, 14, 44}}}
{{100, {33, 3, 18, 48}}}
{{100, {39, 3, 12, 48}}}
{{100, {40, 6, 11, 45}}}
{{100, {43, 3, 8, 48}}}
{{100, {41, 5, 10, 46}}}
{{100, {38, 6, 13, 45}}}
{{70, {42, 2, 9, 49}}, {27, {43, 2, 8, 49}}, {3, {44, 2, 7, 49}}}
{{100, {37, 7, 14, 44}}}
{{100, {33, 3, 18, 48}}}
{{100, {36, 9, 15, 42}}}
{{100, {38, 7, 13, 44}}}
{{100, {35, 4, 16, 47}}}
{{100, {37, 4, 14, 47}}}
{{100, {32, 6, 19, 45}}}
{{31, {37, 4, 14, 47}}, {65, {40, 4, 11, 47}}, {3, {39, 4, 12, 47}}, {1, {38, 4, 13, 47}}}
{{100, {40, 4, 11, 47}}}
{{100, {42, 6, 9, 45}}}
{{100, {44, 5, 7, 46}}}
{{100, {34, 7, 17, 44}}}
{{3, {37, 4, 14, 47}}, {97, {39, 4, 12, 47}}}
{{100, {35, 6, 16, 45}}}
{{100, {38, 3, 13, 48}}}
{{100, {38, 1, 13, 50}}}
{{100, {38, 2, 13, 49}}}
{{2, {35, 6, 16, 45}}, {2, {31, 6, 20, 45}}, {1, {32, 6, 19, 45}}, {1, {33, 6, 18, 45}}, {94, {34, 6, 17, 45}}}
{{100, {39, 3, 12, 48}}}
{{2, {35, 4, 16, 47}}, {98, {32, 4, 19, 47}}}
{{100, {40, 3, 11, 48}}}
{{100, {39, 7, 12, 44}}}
{{5, {42, 3, 9, 48}}, {1, {41, 2, 10, 49}}, {94, {41, 3, 10, 48}}}
{{100, {39, 4, 12, 47}}}
{{100, {37, 3, 14, 48}}}
{{100, {45, 1, 6, 50}}}
{{5, {38, 5, 13, 46}}, {2, {36, 3, 15, 48}}, {93, {38, 3, 13, 48}}}
{{100, {38, 3, 13, 48}}}
{{2, {36, 3, 15, 48}}, {98, {36, 4, 15, 47}}}
{{19, {43, 2, 8, 49}}, {81, {43, 1, 8, 50}}}
{{25, {34, 8, 17, 43}}, {71, {37, 8, 14, 43}}, {1, {34, 6, 17, 45}}, {3, {35, 8, 16, 43}}}
{{100, {38, 5, 13, 46}}}
{{45, {46, 3, 5, 48}}, {55, {47, 3, 4, 48}}}
{{100, {42, 7, 9, 44}}}
{{80, {32, 3, 19, 48}}, {4, {33, 3, 18, 48}}, {16, {37, 3, 14, 48}}}
{{100, {40, 4, 11, 47}}}
{{100, {43, 4, 8, 47}}}
{{100, {38, 3, 13, 48}}}
{{4, {40, 4, 11, 47}}, {96, {40, 3, 11, 48}}}
{{100, {36, 7, 15, 44}}}
{{100, {39, 6, 12, 45}}}
{{5, {45, 2, 6, 49}}, {95, {45, 3, 6, 48}}}
{{100, {42, 4, 9, 47}}}
{{100, {41, 4, 10, 47}}}
{{60, {42, 4, 9, 47}}, {39, {40, 4, 11, 47}}, {1, {41, 4, 10, 47}}}
{{100, {40, 3, 11, 48}}}
{{100, {37, 4, 14, 47}}}
{{100, {36, 8, 15, 43}}}
{{100, {39, 5, 12, 46}}}
{{79, {42, 3, 9, 48}}, {21, {43, 3, 8, 48}}}
{{100, {40, 1, 11, 50}}}
{{100, {43, 3, 8, 48}}}
{{100, {41, 5, 10, 46}}}
{{9, {38, 6, 13, 45}}, {91, {39, 6, 12, 45}}}
{{100, {38, 3, 13, 48}}}
{{100, {40, 3, 11, 48}}}
{{21, {35, 5, 16, 46}}, {19, {35, 6, 16, 45}}, {60, {35, 7, 16, 44}}}
{{76, {42, 4, 9, 47}}, {24, {41, 4, 10, 47}}}
{{100, {34, 3, 17, 48}}}
{{7, {41, 6, 10, 45}}, {93, {39, 6, 12, 45}}}
{{100, {40, 3, 11, 48}}}
{{100, {42, 3, 9, 48}}}
{{2, {42, 4, 9, 47}}, {22, {42, 2, 9, 49}}, {75, {42, 5, 9, 46}}, {1, {42, 3, 9, 48}}}
{{46, {40, 4, 11, 47}}, {54, {39, 4, 12, 47}}}
{{100, {43, 3, 8, 48}}}
{{98, {37, 2, 14, 49}}, {2, {37, 3, 14, 48}}}
{{69, {37, 7, 14, 44}}, {20, {36, 7, 15, 44}}, {11, {35, 7, 16, 44}}}
{{100, {44, 5, 7, 46}}}
{{82, {35, 4, 16, 47}}, {18, {34, 4, 17, 47}}}
{{50, {40, 4, 11, 47}}, {9, {41, 4, 10, 47}}, {41, {44, 4, 7, 47}}}
{{4, {36, 5, 15, 46}}, {96, {34, 5, 17, 46}}}
{{100, {40, 5, 11, 46}}}
{{100, {41, 3, 10, 48}}}
{{100, {32, 3, 19, 48}}}
{{100, {42, 4, 9, 47}}}
{{65, {40, 6, 11, 45}}, {35, {41, 6, 10, 45}}}
{{100, {38, 5, 13, 46}}}
{{100, {38, 5, 13, 46}}}
{{100, {46, 2, 5, 49}}}
{{100, {40, 3, 11, 48}}}
{{100, {40, 6, 11, 45}}}
{{100, {39, 3, 12, 48}}}
{{81, {32, 3, 19, 48}}, {19, {33, 3, 18, 48}}}
{{87, {38, 2, 13, 49}}, {13, {40, 2, 11, 49}}}
{{1, {38, 2, 13, 49}}, {7, {40, 2, 11, 49}}, {87, {41, 2, 10, 49}}, {5, {39, 2, 12, 49}}}
{{100, {40, 4, 11, 47}}}
{{100, {35, 4, 16, 47}}}
{{100, {39, 2, 12, 49}}}
{{100, {29, 4, 22, 47}}}
{{100, {35, 2, 16, 49}}}
{{100, {40, 1, 11, 50}}}
{{75, {38, 2, 13, 49}}, {25, {38, 3, 13, 48}}}
{{100, {42, 4, 9, 47}}}
{{92, {38, 6, 13, 45}}, {8, {39, 6, 12, 45}}}
{{100, {41, 4, 10, 47}}}
{{41, {38, 2, 13, 49}}, {59, {37, 2, 14, 49}}}
{{96, {40, 2, 11, 49}}, {4, {41, 2, 10, 49}}}
{{100, {40, 3, 11, 48}}}
{{100, {38, 5, 13, 46}}}
{{100, {38, 5, 13, 46}}}
{{100, {40, 2, 11, 49}}}
{{100, {40, 4, 11, 47}}}
{{100, {39, 3, 12, 48}}}
{{100, {36, 4, 15, 47}}}
{{98, {36, 6, 15, 45}}, {2, {35, 6, 16, 45}}}
{{67, {38, 3, 13, 48}}, {33, {39, 3, 12, 48}}}
{{100, {40, 2, 11, 49}}}
{{100, {37, 2, 14, 49}}}
{{100, {38, 2, 13, 49}}}
{{100, {44, 4, 7, 47}}}
{{47, {38, 5, 13, 46}}, {53, {38, 4, 13, 47}}}
{{100, {39, 1, 12, 50}}}
{{76, {38, 5, 13, 46}}, {20, {40, 5, 11, 46}}, {4, {39, 5, 12, 46}}}
{{100, {40, 4, 11, 47}}}
{{28, {38, 3, 13, 48}}, {53, {41, 3, 10, 48}}, {19, {39, 3, 12, 48}}}
{{10, {35, 4, 16, 47}}, {20, {35, 3, 16, 48}}, {66, {34, 4, 17, 47}}, {4, {34, 3, 17, 48}}}
{{100, {40, 7, 11, 44}}}
{{100, {35, 7, 16, 44}}}
{{56, {40, 4, 11, 47}}, {44, {39, 4, 12, 47}}}
{{100, {41, 5, 10, 46}}}
{{100, {42, 1, 9, 50}}}
{{100, {38, 4, 13, 47}}}
{{100, {36, 5, 15, 46}}}
{{100, {44, 4, 7, 47}}}
{{100, {41, 3, 10, 48}}}
{{100, {42, 0, 9, 51}}}
{{100, {43, 3, 8, 48}}}
{{100, {45, 1, 6, 50}}}
{{100, {41, 1, 10, 50}}}
{{100, {41, 3, 10, 48}}}
{{100, {34, 4, 17, 47}}}
{{100, {34, 3, 17, 48}}}
{{100, {41, 4, 10, 47}}}
{{2, {40, 5, 11, 46}}, {98, {40, 6, 11, 45}}}
{{100, {40, 2, 11, 49}}}
{{100, {39, 4, 12, 47}}}
{{100, {33, 5, 18, 46}}}
{{11, {38, 1, 13, 50}}, {89, {37, 1, 14, 50}}}
{{99, {32, 3, 19, 48}}, {1, {33, 3, 18, 48}}}
{{100, {36, 3, 15, 48}}}
{{100, {35, 4, 16, 47}}}
{{100, {39, 6, 12, 45}}}
{{72, {41, 4, 10, 47}}, {12, {41, 5, 10, 46}}, {16, {41, 6, 10, 45}}}
{{90, {41, 2, 10, 49}}, {10, {41, 1, 10, 50}}}
{{100, {39, 2, 12, 49}}}
{{100, {44, 6, 7, 45}}}
{{5, {43, 0, 8, 51}}, {95, {44, 0, 7, 51}}}
{{100, {42, 3, 9, 48}}}
{{100, {39, 3, 12, 48}}}
{{100, {38, 5, 13, 46}}}
{{100, {40, 2, 11, 49}}}
{{100, {37, 7, 14, 44}}}
{{100, {39, 5, 12, 46}}}
{{99, {40, 7, 11, 44}}, {1, {39, 7, 12, 44}}}
{{100, {38, 7, 13, 44}}}
{{100, {41, 4, 10, 47}}}
{{100, {42, 3, 9, 48}}}
{{100, {36, 3, 15, 48}}}
{{100, {41, 3, 10, 48}}}
{{9, {38, 6, 13, 45}}, {91, {38, 7, 13, 44}}}
{{100, {44, 2, 7, 49}}}
{{3, {36, 5, 15, 46}}, {37, {36, 3, 15, 48}}, {3, {36, 6, 15, 45}}, {56, {36, 7, 15, 44}}, {1, {36, 4, 15, 47}}}
{{100, {37, 4, 14, 47}}}
{{6, {42, 4, 9, 47}}, {38, {40, 4, 11, 47}}, {56, {41, 4, 10, 47}}}
{{100, {38, 3, 13, 48}}}
{{47, {38, 5, 13, 46}}, {52, {40, 5, 11, 46}}, {1, {39, 5, 12, 46}}}
{{81, {36, 2, 15, 49}}, {19, {35, 2, 16, 49}}}
{{100, {43, 5, 8, 46}}}
{{100, {40, 3, 11, 48}}}
{{100, {36, 7, 15, 44}}}
{{46, {36, 5, 15, 46}}, {54, {36, 6, 15, 45}}}
{{100, {36, 3, 15, 48}}}
{{100, {37, 6, 14, 45}}}
{{100, {34, 6, 17, 45}}}
{{100, {35, 5, 16, 46}}}
{{100, {40, 5, 11, 46}}}
{{62, {41, 4, 10, 47}}, {23, {39, 4, 12, 47}}, {15, {38, 4, 13, 47}}}
{{62, {42, 4, 9, 47}}, {38, {41, 4, 10, 47}}}
{{1, {36, 1, 15, 50}}, {99, {36, 3, 15, 48}}}
{{100, {37, 5, 14, 46}}}
{{100, {39, 2, 12, 49}}}
{{100, {36, 7, 15, 44}}}
{{100, {39, 2, 12, 49}}}
{{100, {39, 6, 12, 45}}}
{{100, {41, 4, 10, 47}}}
{{100, {42, 5, 9, 46}}}
{{100, {42, 2, 9, 49}}}
{{100, {45, 2, 6, 49}}}
{{100, {42, 3, 9, 48}}}
{{99, {40, 4, 11, 47}}, {1, {39, 4, 12, 47}}}
{{100, {35, 4, 16, 47}}}
{{99, {43, 7, 8, 44}}, {1, {41, 7, 10, 44}}}
{{100, {39, 2, 12, 49}}}
{{100, {38, 6, 13, 45}}}
{{93, {40, 6, 11, 45}}, {7, {39, 6, 12, 45}}}
{{100, {40, 3, 11, 48}}}
{{56, {31, 6, 20, 45}}, {5, {32, 6, 19, 45}}, {10, {33, 6, 18, 45}}, {29, {30, 6, 21, 45}}}
{{74, {41, 4, 10, 47}}, {26, {41, 5, 10, 46}}}
{{100, {44, 4, 7, 47}}}
{{100, {33, 10, 18, 41}}}
{{27, {31, 4, 20, 47}}, {73, {32, 4, 19, 47}}}
{{15, {35, 6, 16, 45}}, {2, {32, 6, 19, 45}}, {57, {33, 6, 18, 45}}, {26, {34, 6, 17, 45}}}
{{100, {38, 2, 13, 49}}}
{{100, {42, 3, 9, 48}}}
{{4, {36, 5, 15, 46}}, {27, {38, 5, 13, 46}}, {68, {35, 5, 16, 46}}, {1, {37, 5, 14, 46}}}
{{100, {37, 2, 14, 49}}}
{{9, {42, 4, 9, 47}}, {90, {41, 4, 10, 47}}, {1, {39, 4, 12, 47}}}
{{100, {38, 5, 13, 46}}}
{{100, {40, 7, 11, 44}}}
{{100, {40, 3, 11, 48}}}
{{100, {37, 5, 14, 46}}}
{{100, {38, 1, 13, 50}}}
{{100, {30, 5, 21, 46}}}
{{100, {40, 7, 11, 44}}}
{{100, {36, 4, 15, 47}}}
{{100, {40, 5, 11, 46}}}
{{100, {40, 2, 11, 49}}}
{{100, {42, 3, 9, 48}}}
{{100, {36, 4, 15, 47}}}
{{100, {39, 2, 12, 49}}}
{{88, {36, 5, 15, 46}}, {10, {35, 5, 16, 46}}, {2, {37, 5, 14, 46}}}
{{94, {40, 7, 11, 44}}, {6, {35, 7, 16, 44}}}
{{65, {33, 5, 18, 46}}, {35, {34, 5, 17, 46}}}
{{100, {37, 4, 14, 47}}}
{{100, {44, 2, 7, 49}}}
{{100, {37, 3, 14, 48}}}
{{100, {33, 5, 18, 46}}}
{{100, {37, 1, 14, 50}}}
{{75, {35, 5, 16, 46}}, {25, {33, 5, 18, 46}}}
{{100, {38, 4, 13, 47}}}
{{95, {37, 4, 14, 47}}, {5, {36, 4, 15, 47}}}
{{100, {33, 6, 18, 45}}}
{{100, {45, 2, 6, 49}}}
{{100, {37, 4, 14, 47}}}
{{31, {38, 6, 13, 45}}, {69, {39, 6, 12, 45}}}
{{100, {38, 7, 13, 44}}}
{{100, {40, 4, 11, 47}}}
{{100, {42, 2, 9, 49}}}
{{64, {32, 5, 19, 46}}, {2, {33, 5, 18, 46}}, {34, {34, 5, 17, 46}}}
{{100, {39, 5, 12, 46}}}
{{100, {40, 5, 11, 46}}}
{{100, {38, 7, 13, 44}}}
{{100, {38, 3, 13, 48}}}
{{19, {42, 5, 9, 46}}, {81, {41, 5, 10, 46}}}
{{5, {35, 1, 16, 50}}, {95, {35, 0, 16, 51}}}
{{100, {41, 4, 10, 47}}}
{{37, {36, 9, 15, 42}}, {63, {37, 9, 14, 42}}}
{{1, {36, 2, 15, 49}}, {97, {39, 2, 12, 49}}, {2, {39, 3, 12, 48}}}
{{100, {35, 5, 16, 46}}}
{{100, {41, 3, 10, 48}}}
{{1, {44, 3, 7, 48}}, {66, {45, 3, 6, 48}}, {33, {43, 3, 8, 48}}}
{{5, {42, 3, 9, 48}}, {2, {40, 3, 11, 48}}, {93, {39, 3, 12, 48}}}
{{100, {34, 4, 17, 47}}}
{{33, {41, 4, 10, 47}}, {67, {41, 3, 10, 48}}}
{{100, {41, 5, 10, 46}}}
{{100, {38, 5, 13, 46}}}
{{100, {35, 7, 16, 44}}}
{{100, {37, 3, 14, 48}}}
{{99, {38, 3, 13, 48}}, {1, {37, 3, 14, 48}}}
{{100, {37, 7, 14, 44}}}
{{100, {37, 7, 14, 44}}}
{{7, {39, 7, 12, 44}}, {93, {39, 6, 12, 45}}}
{{100, {39, 3, 12, 48}}}
{{100, {31, 8, 20, 43}}}
{{100, {39, 4, 12, 47}}}
{{100, {36, 5, 15, 46}}}
{{100, {42, 4, 9, 47}}}
{{100, {34, 2, 17, 49}}}
{{19, {46, 1, 5, 50}}, {81, {45, 1, 6, 50}}}
{{66, {40, 3, 11, 48}}, {34, {41, 3, 10, 48}}}
{{100, {41, 3, 10, 48}}}
{{100, {41, 2, 10, 49}}}
{{100, {36, 5, 15, 46}}}
{{99, {43, 2, 8, 49}}, {1, {44, 2, 7, 49}}}
{{27, {33, 4, 18, 47}}, {1, {34, 4, 17, 47}}, {72, {36, 4, 15, 47}}}
{{100, {40, 5, 11, 46}}}
{{100, {35, 5, 16, 46}}}
{{100, {40, 1, 11, 50}}}
{{71, {40, 6, 11, 45}}, {29, {39, 6, 12, 45}}}
{{15, {36, 6, 15, 45}}, {85, {37, 6, 14, 45}}}
{{100, {39, 1, 12, 50}}}
{{58, {28, 9, 23, 42}}, {1, {29, 9, 22, 42}}, {41, {31, 9, 20, 42}}}
{{100, {34, 2, 17, 49}}}
{{100, {37, 2, 14, 49}}}
{{100, {35, 3, 16, 48}}}
{{100, {32, 7, 19, 44}}}
{{100, {39, 1, 12, 50}}}
{{100, {38, 5, 13, 46}}}
{{100, {41, 4, 10, 47}}}
{{100, {36, 3, 15, 48}}}
{{100, {45, 3, 6, 48}}}
{{100, {38, 2, 13, 49}}}
{{12, {31, 4, 20, 47}}, {88, {33, 4, 18, 47}}}
{{100, {38, 3, 13, 48}}}
{{6, {31, 8, 20, 43}}, {94, {33, 8, 18, 43}}}
{{100, {40, 4, 11, 47}}}
{{100, {41, 3, 10, 48}}}
{{100, {35, 6, 16, 45}}}
{{100, {44, 2, 7, 49}}}
{{100, {41, 3, 10, 48}}}
{{89, {41, 4, 10, 47}}, {11, {39, 4, 12, 47}}}
{{100, {39, 7, 12, 44}}}
{{100, {34, 6, 17, 45}}}
{{100, {41, 5, 10, 46}}}
{{100, {36, 4, 15, 47}}}
{{85, {37, 7, 14, 44}}, {15, {38, 7, 13, 44}}}
{{10, {28, 4, 23, 47}}, {53, {28, 5, 23, 46}}, {37, {28, 3, 23, 48}}}
{{58, {37, 7, 14, 44}}, {42, {38, 7, 13, 44}}}
{{100, {39, 6, 12, 45}}}
{{100, {41, 3, 10, 48}}}
{{100, {40, 6, 11, 45}}}
{{3, {36, 5, 15, 46}}, {97, {37, 5, 14, 46}}}
{{100, {35, 4, 16, 47}}}
{{99, {42, 4, 9, 47}}, {1, {43, 4, 8, 47}}}
{{100, {42, 3, 9, 48}}}
{{100, {38, 2, 13, 49}}}
{{100, {38, 3, 13, 48}}}
{{100, {42, 1, 9, 50}}}
{{1, {40, 2, 11, 49}}, {99, {40, 3, 11, 48}}}
{{17, {38, 2, 13, 49}}, {83, {40, 2, 11, 49}}}
{{100, {43, 3, 8, 48}}}
{{100, {43, 4, 8, 47}}}
{{100, {45, 2, 6, 49}}}
{{100, {37, 6, 14, 45}}}
{{100, {34, 8, 17, 43}}}
{{96, {36, 6, 15, 45}}, {4, {38, 6, 13, 45}}}
{{100, {37, 5, 14, 46}}}
{{100, {40, 6, 11, 45}}}
{{100, {42, 3, 9, 48}}}
{{100, {44, 0, 7, 51}}}
{{100, {37, 3, 14, 48}}}
{{100, {39, 6, 12, 45}}}
{{100, {42, 6, 9, 45}}}
{{93, {42, 4, 9, 47}}, {7, {43, 4, 8, 47}}}
{{100, {36, 4, 15, 47}}}
{{100, {41, 2, 10, 49}}}
{{100, {38, 4, 13, 47}}}
{{31, {32, 7, 19, 44}}, {69, {33, 7, 18, 44}}}
{{100, {38, 4, 13, 47}}}
{{1, {38, 2, 13, 49}}, {76, {37, 4, 14, 47}}, {21, {37, 2, 14, 49}}, {1, {37, 3, 14, 48}}, {1, {38, 4, 13, 47}}}
{{100, {39, 9, 12, 42}}}
{{50, {35, 5, 16, 46}}, {50, {34, 5, 17, 46}}}
{{100, {38, 9, 13, 42}}}
{{94, {42, 3, 9, 48}}, {5, {40, 3, 11, 48}}, {1, {41, 3, 10, 48}}}
{{1, {38, 2, 13, 49}}, {99, {39, 2, 12, 49}}}
{{44, {33, 5, 18, 46}}, {56, {34, 5, 17, 46}}}
{{15, {36, 5, 15, 46}}, {85, {36, 6, 15, 45}}}
{{100, {39, 3, 12, 48}}}
{{100, {37, 3, 14, 48}}}
{{1, {36, 2, 15, 49}}, {22, {36, 3, 15, 48}}, {12, {35, 2, 16, 49}}, {65, {35, 3, 16, 48}}}
{{100, {41, 2, 10, 49}}}
{{2, {40, 8, 11, 43}}, {98, {39, 8, 12, 43}}}
{{100, {36, 4, 15, 47}}}
{{100, {40, 3, 11, 48}}}
{{100, {31, 8, 20, 43}}}
{{100, {43, 5, 8, 46}}}
{{100, {42, 3, 9, 48}}}
{{100, {37, 5, 14, 46}}}
{{96, {32, 3, 19, 48}}, {4, {30, 3, 21, 48}}}
{{100, {34, 4, 17, 47}}}
{{100, {37, 4, 14, 47}}}
{{100, {42, 3, 9, 48}}}
{{100, {33, 2, 18, 49}}}
{{100, {38, 6, 13, 45}}}
{{100, {36, 7, 15, 44}}}
{{100, {40, 5, 11, 46}}}
{{100, {41, 4, 10, 47}}}
{{100, {35, 5, 16, 46}}}
{{100, {38, 4, 13, 47}}}
{{100, {37, 6, 14, 45}}}
{{100, {43, 2, 8, 49}}}
{{86, {41, 7, 10, 44}}, {14, {39, 7, 12, 44}}}
{{100, {36, 7, 15, 44}}}
{{100, {42, 4, 9, 47}}}
{{100, {43, 5, 8, 46}}}
{{45, {40, 2, 11, 49}}, {55, {40, 1, 11, 50}}}
{{100, {43, 4, 8, 47}}}
{{11, {37, 4, 14, 47}}, {7, {37, 5, 14, 46}}, {82, {37, 3, 14, 48}}}
{{100, {37, 5, 14, 46}}}
{{57, {40, 4, 11, 47}}, {1, {39, 4, 12, 47}}, {42, {38, 4, 13, 47}}}
{{100, {33, 4, 18, 47}}}
{{1, {36, 5, 15, 46}}, {99, {36, 6, 15, 45}}}
{{7, {40, 3, 11, 48}}, {93, {41, 3, 10, 48}}}
{{100, {38, 2, 13, 49}}}
{{100, {42, 4, 9, 47}}}
{{59, {38, 3, 13, 48}}, {41, {37, 3, 14, 48}}}
{{100, {37, 2, 14, 49}}}
{{100, {37, 3, 14, 48}}}
{{58, {40, 2, 11, 49}}, {42, {40, 6, 11, 45}}}
{{54, {37, 4, 14, 47}}, {4, {39, 4, 12, 47}}, {29, {36, 4, 15, 47}}, {13, {38, 4, 13, 47}}}
{{100, {37, 1, 14, 50}}}
{{100, {36, 3, 15, 48}}}
{{25, {37, 5, 14, 46}}, {75, {39, 5, 12, 46}}}
{{100, {41, 2, 10, 49}}}
{{100, {41, 5, 10, 46}}}
{{100, {39, 4, 12, 47}}}
{{100, {35, 5, 16, 46}}}
{{100, {33, 5, 18, 46}}}
{{100, {41, 3, 10, 48}}}
{{94, {31, 4, 20, 47}}, {3, {32, 4, 19, 47}}, {3, {33, 4, 18, 47}}}
{{100, {37, 7, 14, 44}}}
{{41, {37, 4, 14, 47}}, {59, {36, 4, 15, 47}}}
{{100, {41, 6, 10, 45}}}
{{100, {42, 4, 9, 47}}}
{{100, {36, 3, 15, 48}}}
{{100, {34, 6, 17, 45}}}
{{100, {44, 6, 7, 45}}}
{{100, {42, 2, 9, 49}}}
{{100, {37, 3, 14, 48}}}
{{37, {36, 2, 15, 49}}, {63, {38, 2, 13, 49}}}
{{100, {35, 3, 16, 48}}}
{{7, {31, 6, 20, 45}}, {93, {32, 6, 19, 45}}}
{{100, {41, 4, 10, 47}}}
{{100, {38, 3, 13, 48}}}
{{100, {35, 6, 16, 45}}}
{{100, {35, 5, 16, 46}}}
{{100, {41, 3, 10, 48}}}
{{100, {42, 4, 9, 47}}}
{{100, {43, 2, 8, 49}}}
{{100, {40, 2, 11, 49}}}
{{14, {38, 2, 13, 49}}, {82, {40, 2, 11, 49}}, {4, {39, 2, 12, 49}}}
{{100, {34, 3, 17, 48}}}
{{100, {37, 5, 14, 46}}}
{{100, {39, 4, 12, 47}}}
{{100, {39, 5, 12, 46}}}
{{100, {34, 8, 17, 43}}}
{{100, {38, 3, 13, 48}}}
{{100, {41, 6, 10, 45}}}
{{100, {37, 5, 14, 46}}}
{{100, {40, 7, 11, 44}}}
{{100, {38, 4, 13, 47}}}
{{100, {38, 4, 13, 47}}}
{{100, {42, 1, 9, 50}}}
{{100, {42, 1, 9, 50}}}
{{100, {43, 3, 8, 48}}}
{{19, {34, 6, 17, 45}}, {81, {37, 6, 14, 45}}}
{{1, {36, 5, 15, 46}}, {99, {36, 4, 15, 47}}}
{{100, {37, 2, 14, 49}}}
{{100, {37, 2, 14, 49}}}
{{97, {35, 3, 16, 48}}, {3, {34, 3, 17, 48}}}
{{100, {39, 2, 12, 49}}}
{{100, {33, 7, 18, 44}}}
{{100, {40, 2, 11, 49}}}
{{100, {35, 5, 16, 46}}}
{{41, {40, 5, 11, 46}}, {59, {41, 5, 10, 46}}}
{{100, {39, 6, 12, 45}}}
{{100, {41, 7, 10, 44}}}
{{100, {37, 4, 14, 47}}}
{{100, {41, 3, 10, 48}}}
{{100, {32, 2, 19, 49}}}
{{100, {44, 2, 7, 49}}}
{{100, {41, 4, 10, 47}}}
{{68, {32, 1, 19, 50}}, {32, {33, 1, 18, 50}}}
{{100, {37, 4, 14, 47}}}
{{100, {44, 2, 7, 49}}}
{{5, {38, 9, 13, 42}}, {75, {38, 7, 13, 44}}, {1, {38, 10, 13, 41}}, {19, {38, 8, 13, 43}}}
{{100, {37, 4, 14, 47}}}
{{100, {31, 5, 20, 46}}}
{{100, {37, 3, 14, 48}}}
{{100, {38, 4, 13, 47}}}
{{7, {38, 5, 13, 46}}, {93, {39, 5, 12, 46}}}
{{100, {38, 3, 13, 48}}}
{{100, {38, 3, 13, 48}}}
{{100, {40, 5, 11, 46}}}
{{100, {37, 3, 14, 48}}}
{{100, {32, 6, 19, 45}}}
{{100, {42, 4, 9, 47}}}
{{100, {36, 6, 15, 45}}}
{{100, {35, 4, 16, 47}}}
{{100, {42, 3, 9, 48}}}
{{86, {35, 4, 16, 47}}, {4, {33, 4, 18, 47}}, {10, {34, 4, 17, 47}}}
{{100, {35, 6, 16, 45}}}
{{87, {33, 4, 18, 47}}, {13, {33, 5, 18, 46}}}
{{100, {38, 4, 13, 47}}}
{{52, {33, 6, 18, 45}}, {48, {34, 6, 17, 45}}}
{{100, {35, 6, 16, 45}}}
{{100, {36, 6, 15, 45}}}
{{100, {40, 2, 11, 49}}}
{{100, {42, 5, 9, 46}}}
{{4, {38, 3, 13, 48}}, {96, {39, 3, 12, 48}}}
{{95, {36, 2, 15, 49}}, {5, {37, 2, 14, 49}}}
{{100, {38, 1, 13, 50}}}
{{23, {31, 4, 20, 47}}, {3, {32, 4, 19, 47}}, {74, {33, 4, 18, 47}}}
{{100, {38, 4, 13, 47}}}
{{100, {38, 5, 13, 46}}}
{{100, {38, 4, 13, 47}}}
{{100, {36, 4, 15, 47}}}
{{100, {39, 5, 12, 46}}}
{{100, {38, 5, 13, 46}}}
{{100, {39, 2, 12, 49}}}
{{100, {35, 3, 16, 48}}}
{{100, {36, 3, 15, 48}}}
{{100, {44, 2, 7, 49}}}
{{100, {36, 7, 15, 44}}}
{{100, {44, 6, 7, 45}}}
{{2, {40, 4, 11, 47}}, {98, {40, 5, 11, 46}}}
{{100, {39, 5, 12, 46}}}
{{100, {44, 1, 7, 50}}}
{{100, {39, 2, 12, 49}}}
{{39, {31, 5, 20, 46}}, {61, {33, 5, 18, 46}}}
{{100, {40, 2, 11, 49}}}
{{100, {33, 5, 18, 46}}}
{{5, {42, 2, 9, 49}}, {95, {41, 2, 10, 49}}}
{{100, {43, 4, 8, 47}}}
{{1, {31, 6, 20, 45}}, {25, {32, 6, 19, 45}}, {1, {30, 4, 21, 47}}, {73, {30, 6, 21, 45}}}
{{100, {39, 3, 12, 48}}}
{{100, {37, 3, 14, 48}}}
{{100, {39, 6, 12, 45}}}
{{100, {39, 2, 12, 49}}}
{{2, {43, 2, 8, 49}}, {98, {44, 2, 7, 49}}}
{{100, {37, 2, 14, 49}}}
{{100, {35, 7, 16, 44}}}
{{59, {42, 6, 9, 45}}, {41, {41, 6, 10, 45}}}
{{2, {40, 4, 11, 47}}, {45, {41, 4, 10, 47}}, {53, {39, 4, 12, 47}}}
{{100, {38, 5, 13, 46}}}
{{100, {36, 1, 15, 50}}}
{{100, {37, 3, 14, 48}}}
{{100, {38, 4, 13, 47}}}
{{100, {45, 2, 6, 49}}}
{{100, {42, 4, 9, 47}}}
{{82, {42, 4, 9, 47}}, {3, {40, 4, 11, 47}}, {15, {39, 4, 12, 47}}}
{{100, {33, 7, 18, 44}}}
{{100, {38, 3, 13, 48}}}
{{100, {34, 8, 17, 43}}}
{{100, {39, 5, 12, 46}}}
{{100, {42, 2, 9, 49}}}
{{32, {40, 4, 11, 47}}, {68, {39, 4, 12, 47}}}
{{100, {36, 4, 15, 47}}}
{{100, {42, 2, 9, 49}}}
{{7, {38, 3, 13, 48}}, {93, {39, 3, 12, 48}}}
{{100, {34, 5, 17, 46}}}
{{100, {42, 2, 9, 49}}}
{{100, {43, 1, 8, 50}}}
{{100, {43, 6, 8, 45}}}
{{100, {32, 5, 19, 46}}}
{{100, {41, 4, 10, 47}}}
{{100, {35, 5, 16, 46}}}
{{100, {36, 4, 15, 47}}}
{{100, {37, 2, 14, 49}}}
{{100, {34, 7, 17, 44}}}
{{99, {39, 4, 12, 47}}, {1, {39, 3, 12, 48}}}
{{100, {35, 7, 16, 44}}}
{{100, {38, 4, 13, 47}}}
{{100, {43, 5, 8, 46}}}
{{25, {40, 5, 11, 46}}, {75, {41, 5, 10, 46}}}
{{28, {38, 6, 13, 45}}, {48, {42, 6, 9, 45}}, {6, {40, 6, 11, 45}}, {4, {41, 6, 10, 45}}, {14, {39, 6, 12, 45}}}
{{100, {45, 1, 6, 50}}}
{{100, {40, 4, 11, 47}}}
{{93, {36, 6, 15, 45}}, {7, {38, 6, 13, 45}}}
{{100, {37, 4, 14, 47}}}
{{100, {39, 3, 12, 48}}}
{{24, {39, 5, 12, 46}}, {76, {39, 6, 12, 45}}}
{{100, {41, 1, 10, 50}}}
{{100, {43, 4, 8, 47}}}
{{100, {35, 6, 16, 45}}}
{{100, {41, 3, 10, 48}}}
{{100, {37, 4, 14, 47}}}
{{60, {46, 5, 5, 46}}, {40, {45, 5, 6, 46}}}
{{10, {40, 4, 11, 47}}, {49, {41, 4, 10, 47}}, {41, {39, 4, 12, 47}}}
{{44, {34, 4, 17, 47}}, {56, {34, 3, 17, 48}}}
{{100, {33, 5, 18, 46}}}
{{100, {43, 4, 8, 47}}}
{{53, {37, 7, 14, 44}}, {47, {38, 7, 13, 44}}}
{{1, {35, 9, 16, 42}}, {99, {35, 7, 16, 44}}}
{{100, {42, 1, 9, 50}}}
{{100, {41, 2, 10, 49}}}
{{100, {34, 3, 17, 48}}}
{{85, {36, 2, 15, 49}}, {15, {37, 2, 14, 49}}}
{{100, {41, 5, 10, 46}}}
{{27, {40, 4, 11, 47}}, {73, {41, 4, 10, 47}}}
{{10, {38, 6, 13, 45}}, {90, {39, 6, 12, 45}}}
{{100, {33, 8, 18, 43}}}
{{98, {38, 6, 13, 45}}, {2, {38, 4, 13, 47}}}
{{100, {38, 4, 13, 47}}}
{{100, {43, 0, 8, 51}}}
{{95, {35, 6, 16, 45}}, {5, {35, 7, 16, 44}}}
{{100, {34, 6, 17, 45}}}
{{100, {37, 5, 14, 46}}}
{{100, {40, 3, 11, 48}}}
{{100, {34, 4, 17, 47}}}
{{6, {40, 7, 11, 44}}, {94, {39, 7, 12, 44}}}
{{2, {40, 4, 11, 47}}, {98, {41, 4, 10, 47}}}
{{100, {42, 5, 9, 46}}}
{{1, {40, 6, 11, 45}}, {99, {39, 6, 12, 45}}}
{{88, {39, 4, 12, 47}}, {12, {39, 5, 12, 46}}}
{{100, {47, 2, 4, 49}}}
{{1, {35, 2, 16, 49}}, {93, {35, 1, 16, 50}}, {6, {35, 3, 16, 48}}}
{{1, {31, 5, 20, 46}}, {99, {33, 5, 18, 46}}}
{{100, {40, 7, 11, 44}}}
{{100, {42, 4, 9, 47}}}
{{83, {41, 4, 10, 47}}, {17, {39, 4, 12, 47}}}
{{100, {29, 2, 22, 49}}}
{{6, {44, 3, 7, 48}}, {94, {45, 3, 6, 48}}}
{{100, {46, 4, 5, 47}}}
{{100, {37, 4, 14, 47}}}
{{32, {42, 5, 9, 46}}, {51, {40, 5, 11, 46}}, {17, {41, 5, 10, 46}}}
{{100, {42, 5, 9, 46}}}
{{33, {38, 6, 13, 45}}, {67, {40, 6, 11, 45}}}
{{100, {39, 1, 12, 50}}}
{{100, {43, 4, 8, 47}}}
{{100, {39, 6, 12, 45}}}
{{100, {41, 3, 10, 48}}}
{{100, {43, 4, 8, 47}}}
{{100, {36, 2, 15, 49}}}
{{94, {40, 6, 11, 45}}, {6, {41, 6, 10, 45}}}
{{1, {38, 3, 13, 48}}, {99, {35, 3, 16, 48}}}
{{100, {38, 5, 13, 46}}}
{{100, {35, 4, 16, 47}}}
{{100, {40, 3, 11, 48}}}
{{100, {42, 4, 9, 47}}}
{{100, {37, 7, 14, 44}}}
{{100, {38, 3, 13, 48}}}
{{100, {37, 3, 14, 48}}}
{{100, {40, 1, 11, 50}}}
{{100, {33, 6, 18, 45}}}
{{100, {42, 2, 9, 49}}}
{{76, {36, 6, 15, 45}}, {2, {38, 6, 13, 45}}, {22, {37, 6, 14, 45}}}
{{100, {42, 4, 9, 47}}}
{{100, {41, 2, 10, 49}}}
{{49, {39, 7, 12, 44}}, {34, {38, 7, 13, 44}}, {15, {39, 8, 12, 43}}, {2, {38, 8, 13, 43}}}
{{100, {42, 1, 9, 50}}}
{{7, {41, 5, 10, 46}}, {93, {41, 6, 10, 45}}}
{{100, {39, 4, 12, 47}}}
{{38, {36, 6, 15, 45}}, {61, {33, 6, 18, 45}}, {1, {34, 6, 17, 45}}}
{{100, {39, 3, 12, 48}}}
{{18, {38, 3, 13, 48}}, {82, {37, 3, 14, 48}}}
{{100, {40, 4, 11, 47}}}
{{100, {38, 5, 13, 46}}}
{{6, {38, 2, 13, 49}}, {94, {39, 2, 12, 49}}}
{{100, {36, 9, 15, 42}}}
{{100, {44, 1, 7, 50}}}
{{100, {34, 4, 17, 47}}}
{{100, {39, 7, 12, 44}}}
{{100, {40, 4, 11, 47}}}
{{100, {41, 5, 10, 46}}}
{{13, {33, 4, 18, 47}}, {87, {34, 4, 17, 47}}}
{{100, {39, 5, 12, 46}}}
{{100, {44, 6, 7, 45}}}
{{100, {38, 4, 13, 47}}}
{{100, {45, 2, 6, 49}}}
{{88, {41, 5, 10, 46}}, {12, {41, 6, 10, 45}}}
{{100, {37, 4, 14, 47}}}
{{99, {41, 5, 10, 46}}, {1, {41, 6, 10, 45}}}
{{100, {40, 3, 11, 48}}}
{{25, {38, 6, 13, 45}}, {75, {38, 4, 13, 47}}}
{{100, {37, 5, 14, 46}}}
{{100, {39, 5, 12, 46}}}
{{1, {37, 7, 14, 44}}, {86, {37, 8, 14, 43}}, {12, {37, 4, 14, 47}}, {1, {37, 5, 14, 46}}}
{{100, {37, 8, 14, 43}}}
{{100, {39, 7, 12, 44}}}
{{100, {38, 5, 13, 46}}}
{{99, {39, 2, 12, 49}}, {1, {39, 3, 12, 48}}}
{{100, {45, 3, 6, 48}}}
{{84, {42, 2, 9, 49}}, {16, {43, 2, 8, 49}}}
{{100, {38, 6, 13, 45}}}
{{100, {43, 3, 8, 48}}}
{{100, {41, 5, 10, 46}}}
{{100, {41, 5, 10, 46}}}
{{100, {38, 5, 13, 46}}}
{{100, {37, 5, 14, 46}}}
{{100, {29, 4, 22, 47}}}
{{32, {40, 1, 11, 50}}, {68, {39, 1, 12, 50}}}
{{8, {42, 4, 9, 47}}, {92, {40, 4, 11, 47}}}
{{100, {34, 4, 17, 47}}}
{{100, {39, 4, 12, 47}}}
{{100, {38, 3, 13, 48}}}
{{100, {36, 1, 15, 50}}}
{{7, {35, 4, 16, 47}}, {93, {34, 4, 17, 47}}}
{{99, {35, 3, 16, 48}}, {1, {34, 3, 17, 48}}}
{{100, {40, 6, 11, 45}}}
{{66, {36, 2, 15, 49}}, {34, {38, 2, 13, 49}}}
{{35, {39, 2, 12, 49}}, {65, {39, 3, 12, 48}}}
{{100, {40, 1, 11, 50}}}
{{69, {36, 5, 15, 46}}, {31, {36, 4, 15, 47}}}
{{77, {40, 4, 11, 47}}, {23, {36, 4, 15, 47}}}
{{66, {42, 2, 9, 49}}, {34, {42, 1, 9, 50}}}
{{100, {42, 7, 9, 44}}}
{{1, {40, 7, 11, 44}}, {99, {42, 7, 9, 44}}}
{{23, {38, 2, 13, 49}}, {77, {37, 2, 14, 49}}}
{{100, {46, 1, 5, 50}}}
{{100, {43, 1, 8, 50}}}
{{33, {35, 9, 16, 42}}, {67, {35, 8, 16, 43}}}
{{100, {40, 7, 11, 44}}}
{{40, {39, 8, 12, 43}}, {60, {39, 6, 12, 45}}}
{{100, {38, 5, 13, 46}}}
{{100, {46, 3, 5, 48}}}
{{1, {40, 4, 11, 47}}, {99, {40, 2, 11, 49}}}
{{100, {39, 5, 12, 46}}}
{{100, {36, 9, 15, 42}}}
{{100, {33, 6, 18, 45}}}
{{100, {41, 3, 10, 48}}}
{{100, {38, 2, 13, 49}}}
{{4, {35, 6, 16, 45}}, {96, {34, 6, 17, 45}}}
{{100, {37, 4, 14, 47}}}
{{100, {42, 3, 9, 48}}}
{{100, {39, 4, 12, 47}}}
{{4, {36, 3, 15, 48}}, {4, {35, 3, 16, 48}}, {85, {34, 3, 17, 48}}, {7, {37, 3, 14, 48}}}
{{100, {36, 6, 15, 45}}}
{{75, {38, 3, 13, 48}}, {25, {37, 3, 14, 48}}}
{{100, {37, 6, 14, 45}}}
{{100, {44, 5, 7, 46}}}
{{100, {40, 6, 11, 45}}}
{{100, {35, 4, 16, 47}}}
{{100, {41, 4, 10, 47}}}
{{100, {38, 3, 13, 48}}}
{{100, {38, 5, 13, 46}}}
{{100, {39, 1, 12, 50}}}
{{14, {32, 9, 19, 42}}, {1, {33, 9, 18, 42}}, {85, {34, 9, 17, 42}}}
{{91, {36, 7, 15, 44}}, {9, {36, 8, 15, 43}}}
{{48, {40, 2, 11, 49}}, {52, {41, 2, 10, 49}}}
{{100, {44, 4, 7, 47}}}
{{98, {37, 8, 14, 43}}, {2, {36, 8, 15, 43}}}
{{87, {34, 7, 17, 44}}, {13, {34, 8, 17, 43}}}
{{100, {32, 6, 19, 45}}}
{{100, {42, 4, 9, 47}}}
{{1, {42, 4, 9, 47}}, {99, {43, 4, 8, 47}}}
{{100, {37, 4, 14, 47}}}
{{100, {35, 5, 16, 46}}}
{{100, {39, 7, 12, 44}}}
{{100, {38, 2, 13, 49}}}
{{100, {37, 3, 14, 48}}}
{{100, {38, 6, 13, 45}}}
{{100, {42, 3, 9, 48}}}
{{100, {35, 7, 16, 44}}}
{{99, {45, 5, 6, 46}}, {1, {44, 5, 7, 46}}}
{{100, {37, 4, 14, 47}}}
{{6, {42, 4, 9, 47}}, {94, {39, 4, 12, 47}}}
{{100, {41, 4, 10, 47}}}
{{99, {41, 6, 10, 45}}, {1, {39, 6, 12, 45}}}
{{8, {38, 3, 13, 48}}, {92, {37, 3, 14, 48}}}
{{100, {43, 3, 8, 48}}}
{{100, {46, 2, 5, 49}}}
{{100, {36, 7, 15, 44}}}
{{100, {36, 3, 15, 48}}}
{{100, {37, 3, 14, 48}}}
{{30, {44, 6, 7, 45}}, {6, {43, 5, 8, 46}}, {64, {43, 6, 8, 45}}}
{{100, {36, 4, 15, 47}}}
{{100, {32, 4, 19, 47}}}
{{100, {36, 4, 15, 47}}}
{{77, {37, 7, 14, 44}}, {23, {37, 6, 14, 45}}}
{{100, {44, 4, 7, 47}}}
{{100, {40, 5, 11, 46}}}
{{47, {40, 4, 11, 47}}, {53, {41, 4, 10, 47}}}
{{100, {40, 6, 11, 45}}}
{{16, {42, 9, 9, 42}}, {84, {41, 9, 10, 42}}}
{{15, {42, 5, 9, 46}}, {28, {41, 5, 10, 46}}, {57, {44, 5, 7, 46}}}
{{100, {39, 9, 12, 42}}}
{{98, {39, 2, 12, 49}}, {2, {39, 3, 12, 48}}}
{{100, {34, 3, 17, 48}}}
{{100, {38, 6, 13, 45}}}
{{100, {33, 4, 18, 47}}}
{{100, {41, 7, 10, 44}}}
{{100, {37, 3, 14, 48}}}
{{91, {41, 4, 10, 47}}, {9, {39, 4, 12, 47}}}
{{100, {38, 7, 13, 44}}}
{{100, {39, 3, 12, 48}}}
{{100, {40, 6, 11, 45}}}
{{34, {42, 5, 9, 46}}, {66, {41, 5, 10, 46}}}
{{2, {44, 1, 7, 50}}, {98, {46, 1, 5, 50}}}
{{100, {31, 6, 20, 45}}}
{{85, {37, 7, 14, 44}}, {13, {37, 4, 14, 47}}, {2, {37, 6, 14, 45}}}
{{100, {39, 4, 12, 47}}}
{{100, {39, 3, 12, 48}}}
{{12, {42, 2, 9, 49}}, {88, {43, 2, 8, 49}}}
{{100, {38, 3, 13, 48}}}
{{100, {42, 4, 9, 47}}}
{{16, {36, 5, 15, 46}}, {84, {37, 5, 14, 46}}}
{{100, {46, 5, 5, 46}}}
{{100, {40, 6, 11, 45}}}
{{100, {39, 3, 12, 48}}}
{{100, {39, 3, 12, 48}}}
{{97, {36, 1, 15, 50}}, {3, {37, 1, 14, 50}}}
{{100, {41, 4, 10, 47}}}
{{100, {42, 2, 9, 49}}}
{{100, {34, 6, 17, 45}}}
{{100, {34, 5, 17, 46}}}
{{55, {37, 4, 14, 47}}, {45, {36, 4, 15, 47}}}
{{99, {41, 4, 10, 47}}, {1, {41, 3, 10, 48}}}
{{2, {40, 5, 11, 46}}, {98, {39, 5, 12, 46}}}
{{100, {41, 3, 10, 48}}}
{{100, {43, 5, 8, 46}}}
{{100, {31, 2, 20, 49}}}
{{100, {40, 3, 11, 48}}}
{{100, {30, 7, 21, 44}}}
{{100, {39, 6, 12, 45}}}
{{69, {43, 5, 8, 46}}, {31, {44, 5, 7, 46}}}
{{6, {36, 6, 15, 45}}, {94, {37, 6, 14, 45}}}
{{100, {41, 6, 10, 45}}}
{{100, {40, 4, 11, 47}}}
{{100, {44, 3, 7, 48}}}
{{100, {41, 6, 10, 45}}}
{{100, {35, 9, 16, 42}}}
{{100, {44, 4, 7, 47}}}
{{100, {41, 4, 10, 47}}}
{{100, {42, 2, 9, 49}}}
{{100, {31, 6, 20, 45}}}
{{100, {36, 5, 15, 46}}}
{{100, {37, 3, 14, 48}}}
{{100, {36, 5, 15, 46}}}
{{100, {42, 5, 9, 46}}}
{{48, {37, 4, 14, 47}}, {52, {36, 4, 15, 47}}}
{{100, {41, 3, 10, 48}}}
{{100, {39, 4, 12, 47}}}
{{100, {33, 4, 18, 47}}}
{{100, {43, 4, 8, 47}}}
{{100, {40, 8, 11, 43}}}
{{100, {44, 4, 7, 47}}}
{{100, {38, 2, 13, 49}}}
{{12, {32, 6, 19, 45}}, {3, {33, 6, 18, 45}}, {85, {34, 6, 17, 45}}}
{{100, {36, 4, 15, 47}}}
{{100, {40, 4, 11, 47}}}
{{100, {38, 4, 13, 47}}}
{{100, {39, 5, 12, 46}}}
{{100, {33, 4, 18, 47}}}
{{9, {42, 5, 9, 46}}, {91, {43, 5, 8, 46}}}
{{100, {34, 4, 17, 47}}}
{{100, {38, 9, 13, 42}}}
{{100, {35, 5, 16, 46}}}
{{83, {33, 4, 18, 47}}, {17, {34, 4, 17, 47}}}
{{100, {39, 5, 12, 46}}}
{{100, {38, 5, 13, 46}}}
{{92, {36, 3, 15, 48}}, {8, {37, 3, 14, 48}}}
{{100, {42, 3, 9, 48}}}
{{10, {42, 4, 9, 47}}, {17, {43, 4, 8, 47}}, {44, {40, 4, 11, 47}}, {29, {41, 4, 10, 47}}}
{{100, {37, 4, 14, 47}}}
{{100, {38, 6, 13, 45}}}
{{100, {44, 3, 7, 48}}}
{{100, {40, 5, 11, 46}}}
{{100, {36, 4, 15, 47}}}
{{100, {32, 4, 19, 47}}}
{{100, {42, 4, 9, 47}}}
{{100, {40, 1, 11, 50}}}
{{100, {39, 6, 12, 45}}}
{{100, {41, 1, 10, 50}}}
{{2, {32, 6, 19, 45}}, {1, {33, 6, 18, 45}}, {97, {34, 6, 17, 45}}}
{{100, {34, 3, 17, 48}}}
{{100, {41, 1, 10, 50}}}
{{100, {38, 5, 13, 46}}}
{{100, {44, 5, 7, 46}}}
{{96, {42, 3, 9, 48}}, {4, {41, 3, 10, 48}}}
{{100, {39, 5, 12, 46}}}
{{100, {38, 2, 13, 49}}}
{{100, {42, 5, 9, 46}}}
{{100, {40, 3, 11, 48}}}
{{100, {32, 6, 19, 45}}}
{{100, {41, 2, 10, 49}}}
{{100, {42, 4, 9, 47}}}
{{9, {43, 7, 8, 44}}, {91, {42, 7, 9, 44}}}
{{100, {33, 5, 18, 46}}}
{{100, {42, 3, 9, 48}}}
{{100, {37, 6, 14, 45}}}
{{100, {42, 4, 9, 47}}}
{{100, {36, 5, 15, 46}}}
{{100, {36, 5, 15, 46}}}
{{100, {37, 6, 14, 45}}}
{{100, {43, 3, 8, 48}}}
{{100, {41, 2, 10, 49}}}
{{100, {35, 7, 16, 44}}}
{{100, {39, 2, 12, 49}}}
{{2, {42, 2, 9, 49}}, {98, {45, 2, 6, 49}}}
{{95, {44, 3, 7, 48}}, {5, {43, 3, 8, 48}}}
{{100, {36, 6, 15, 45}}}
{{100, {36, 5, 15, 46}}}
{{99, {31, 6, 20, 45}}, {1, {32, 6, 19, 45}}}
{{100, {38, 4, 13, 47}}}
{{100, {41, 4, 10, 47}}}
{{1, {38, 3, 13, 48}}, {99, {37, 3, 14, 48}}}
{{75, {36, 3, 15, 48}}, {4, {35, 3, 16, 48}}, {20, {34, 3, 17, 48}}, {1, {37, 3, 14, 48}}}
{{100, {28, 4, 23, 47}}}
{{100, {33, 5, 18, 46}}}
{{10, {40, 7, 11, 44}}, {90, {39, 7, 12, 44}}}
{{100, {40, 5, 11, 46}}}
{{94, {40, 2, 11, 49}}, {6, {40, 3, 11, 48}}}
{{100, {39, 3, 12, 48}}}
{{100, {42, 4, 9, 47}}}
{{100, {40, 7, 11, 44}}}
{{100, {42, 4, 9, 47}}}
{{70, {40, 0, 11, 51}}, {30, {39, 0, 12, 51}}}
{{100, {31, 4, 20, 47}}}
{{100, {38, 3, 13, 48}}}
{{100, {40, 5, 11, 46}}}
{{100, {44, 4, 7, 47}}}
{{22, {38, 5, 13, 46}}, {78, {39, 5, 12, 46}}}
{{99, {31, 6, 20, 45}}, {1, {30, 6, 21, 45}}}
{{100, {38, 2, 13, 49}}}
{{100, {40, 5, 11, 46}}}
{{100, {39, 5, 12, 46}}}
{{59, {34, 7, 17, 44}}, {35, {35, 7, 16, 44}}, {3, {33, 3, 18, 48}}, {1, {34, 3, 17, 48}}, {1, {34, 6, 17, 45}}, {1, {33, 7, 18, 44}}}
{{100, {43, 2, 8, 49}}}
{{62, {42, 5, 9, 46}}, {3, {42, 6, 9, 45}}, {35, {42, 7, 9, 44}}}
{{41, {38, 2, 13, 49}}, {11, {38, 1, 13, 50}}, {48, {38, 0, 13, 51}}}
{{100, {41, 4, 10, 47}}}
{{47, {40, 5, 11, 46}}, {53, {41, 5, 10, 46}}}
{{100, {39, 1, 12, 50}}}
{{100, {43, 5, 8, 46}}}
{{99, {34, 5, 17, 46}}, {1, {30, 5, 21, 46}}}
{{100, {40, 2, 11, 49}}}
{{100, {41, 2, 10, 49}}}
{{100, {44, 4, 7, 47}}}
{{100, {44, 2, 7, 49}}}
{{100, {41, 3, 10, 48}}}
{{100, {38, 1, 13, 50}}}
{{100, {43, 3, 8, 48}}}
{{10, {31, 6, 20, 45}}, {90, {32, 6, 19, 45}}}
{{100, {40, 3, 11, 48}}}
{{100, {39, 1, 12, 50}}}
{{100, {42, 2, 9, 49}}}
{{100, {44, 3, 7, 48}}}
{{100, {39, 5, 12, 46}}}
{{31, {40, 3, 11, 48}}, {69, {39, 3, 12, 48}}}
{{100, {39, 5, 12, 46}}}
{{75, {45, 4, 6, 47}}, {25, {45, 5, 6, 46}}}
{{70, {39, 9, 12, 42}}, {1, {37, 9, 14, 42}}, {29, {40, 9, 11, 42}}}
{{100, {40, 6, 11, 45}}}
{{100, {40, 4, 11, 47}}}
{{100, {41, 3, 10, 48}}}
{{98, {37, 4, 14, 47}}, {2, {38, 4, 13, 47}}}
{{82, {34, 5, 17, 46}}, {18, {34, 6, 17, 45}}}
{{29, {35, 5, 16, 46}}, {71, {34, 5, 17, 46}}}
{{100, {34, 3, 17, 48}}}
{{1, {38, 2, 13, 49}}, {99, {39, 2, 12, 49}}}
{{38, {43, 5, 8, 46}}, {62, {44, 5, 7, 46}}}
{{100, {35, 5, 16, 46}}}
{{100, {37, 5, 14, 46}}}
{{100, {42, 2, 9, 49}}}
{{100, {44, 3, 7, 48}}}
{{100, {39, 2, 12, 49}}}
{{95, {41, 7, 10, 44}}, {5, {41, 8, 10, 43}}}
{{100, {39, 2, 12, 49}}}
{{83, {42, 4, 9, 47}}, {17, {42, 2, 9, 49}}}
{{100, {42, 5, 9, 46}}}
{{100, {44, 2, 7, 49}}}
{{98, {38, 2, 13, 49}}, {2, {39, 2, 12, 49}}}
{{100, {36, 5, 15, 46}}}
{{100, {42, 2, 9, 49}}}
{{100, {42, 10, 9, 41}}}
{{100, {38, 3, 13, 48}}}
{{100, {41, 4, 10, 47}}}
{{100, {36, 5, 15, 46}}}
{{100, {35, 7, 16, 44}}}
{{9, {38, 5, 13, 46}}, {91, {37, 5, 14, 46}}}
{{100, {37, 8, 14, 43}}}
{{100, {31, 5, 20, 46}}}
{{100, {42, 2, 9, 49}}}
{{14, {33, 5, 18, 46}}, {83, {34, 5, 17, 46}}, {3, {34, 6, 17, 45}}}
{{7, {36, 2, 15, 49}}, {93, {37, 2, 14, 49}}}
{{100, {34, 2, 17, 49}}}
{{76, {32, 6, 19, 45}}, {2, {33, 6, 18, 45}}, {22, {30, 6, 21, 45}}}
{{42, {33, 4, 18, 47}}, {58, {33, 5, 18, 46}}}
{{100, {39, 5, 12, 46}}}
{{100, {39, 3, 12, 48}}}
{{100, {41, 4, 10, 47}}}
{{100, {39, 6, 12, 45}}}
{{100, {42, 1, 9, 50}}}
{{100, {33, 4, 18, 47}}}
{{100, {38, 3, 13, 48}}}
{{100, {38, 4, 13, 47}}}
{{75, {35, 6, 16, 45}}, {25, {35, 8, 16, 43}}}
{{100, {36, 6, 15, 45}}}
{{100, {39, 4, 12, 47}}}
{{100, {36, 5, 15, 46}}}
{{2, {34, 7, 17, 44}}, {63, {37, 7, 14, 44}}, {1, {35, 7, 16, 44}}, {34, {33, 7, 18, 44}}}
{{100, {33, 4, 18, 47}}}
{{98, {31, 5, 20, 46}}, {2, {32, 5, 19, 46}}}
{{100, {40, 3, 11, 48}}}
{{3, {37, 4, 14, 47}}, {5, {37, 5, 14, 46}}, {92, {37, 6, 14, 45}}}
{{100, {38, 3, 13, 48}}}
{{7, {42, 5, 9, 46}}, {93, {42, 7, 9, 44}}}
{{100, {40, 8, 11, 43}}}
{{100, {41, 2, 10, 49}}}
{{100, {38, 3, 13, 48}}}
{{62, {43, 0, 8, 51}}, {38, {43, 1, 8, 50}}}
{{100, {42, 2, 9, 49}}}
{{90, {44, 3, 7, 48}}, {10, {45, 3, 6, 48}}}
{{100, {42, 3, 9, 48}}}
{{100, {38, 2, 13, 49}}}
{{100, {32, 5, 19, 46}}}
{{100, {34, 5, 17, 46}}}
{{100, {40, 7, 11, 44}}}
{{12, {37, 4, 14, 47}}, {88, {37, 3, 14, 48}}}
{{100, {39, 4, 12, 47}}}
{{100, {43, 3, 8, 48}}}
{{80, {40, 7, 11, 44}}, {18, {41, 7, 10, 44}}, {2, {40, 6, 11, 45}}}
{{100, {37, 3, 14, 48}}}
{{100, {39, 4, 12, 47}}}
{{94, {38, 5, 13, 46}}, {6, {35, 5, 16, 46}}}
{{100, {40, 4, 11, 47}}}
{{13, {42, 3, 9, 48}}, {40, {43, 3, 8, 48}}, {47, {41, 3, 10, 48}}}
{{100, {40, 4, 11, 47}}}
{{100, {35, 6, 16, 45}}}
{{5, {35, 6, 16, 45}}, {95, {34, 6, 17, 45}}}
{{100, {40, 4, 11, 47}}}
{{100, {46, 3, 5, 48}}}
{{92, {35, 5, 16, 46}}, {8, {33, 5, 18, 46}}}
{{84, {32, 5, 19, 46}}, {16, {33, 5, 18, 46}}}
{{100, {37, 5, 14, 46}}}
{{4, {36, 2, 15, 49}}, {69, {38, 2, 13, 49}}, {27, {35, 2, 16, 49}}}
{{100, {39, 4, 12, 47}}}
{{100, {26, 8, 25, 43}}}
{{100, {38, 5, 13, 46}}}
{{100, {40, 5, 11, 46}}}
{{92, {43, 5, 8, 46}}, {8, {44, 5, 7, 46}}}
{{54, {36, 5, 15, 46}}, {46, {36, 6, 15, 45}}}
{{100, {40, 5, 11, 46}}}
{{100, {39, 5, 12, 46}}}
{{100, {40, 6, 11, 45}}}
{{10, {46, 4, 5, 47}}, {8, {45, 4, 6, 47}}, {60, {43, 4, 8, 47}}, {22, {44, 4, 7, 47}}}
{{100, {37, 5, 14, 46}}}
{{100, {39, 2, 12, 49}}}
{{100, {33, 5, 18, 46}}}
{{100, {33, 4, 18, 47}}}
{{100, {41, 3, 10, 48}}}
{{100, {31, 6, 20, 45}}}
{{100, {41, 3, 10, 48}}}
{{100, {34, 8, 17, 43}}}
{{100, {38, 4, 13, 47}}}
{{100, {43, 1, 8, 50}}}
{{100, {38, 5, 13, 46}}}
{{100, {37, 5, 14, 46}}}
{{28, {38, 3, 13, 48}}, {72, {37, 3, 14, 48}}}
{{100, {38, 5, 13, 46}}}
{{100, {36, 5, 15, 46}}}
{{100, {41, 3, 10, 48}}}
{{100, {37, 2, 14, 49}}}
{{100, {43, 7, 8, 44}}}
{{1, {43, 3, 8, 48}}, {99, {41, 3, 10, 48}}}
{{27, {39, 5, 12, 46}}, {73, {39, 6, 12, 45}}}
{{99, {38, 6, 13, 45}}, {1, {37, 6, 14, 45}}}
{{14, {40, 5, 11, 46}}, {86, {39, 5, 12, 46}}}
{{100, {40, 2, 11, 49}}}
{{100, {36, 6, 15, 45}}}
{{100, {37, 3, 14, 48}}}
{{100, {36, 6, 15, 45}}}
{{100, {39, 5, 12, 46}}}
{{100, {34, 3, 17, 48}}}
{{100, {39, 6, 12, 45}}}
{{70, {46, 2, 5, 49}}, {30, {45, 2, 6, 49}}}
{{20, {42, 2, 9, 49}}, {80, {43, 2, 8, 49}}}
{{18, {38, 2, 13, 49}}, {82, {40, 2, 11, 49}}}
{{100, {44, 3, 7, 48}}}
{{9, {47, 5, 4, 46}}, {1, {45, 5, 6, 46}}, {90, {44, 5, 7, 46}}}
{{100, {42, 2, 9, 49}}}
{{100, {43, 3, 8, 48}}}
{{100, {42, 6, 9, 45}}}
{{3, {38, 6, 13, 45}}, {3, {37, 6, 14, 45}}, {94, {39, 6, 12, 45}}}
{{17, {40, 4, 11, 47}}, {66, {41, 4, 10, 47}}, {5, {40, 5, 11, 46}}, {2, {40, 6, 11, 45}}, {10, {41, 5, 10, 46}}}
{{100, {39, 3, 12, 48}}}
{{100, {39, 3, 12, 48}}}
{{100, {41, 1, 10, 50}}}
{{100, {44, 3, 7, 48}}}
{{100, {39, 5, 12, 46}}}
{{100, {40, 3, 11, 48}}}
{{100, {36, 2, 15, 49}}}
{{100, {38, 4, 13, 47}}}
{{100, {40, 3, 11, 48}}}
{{100, {42, 4, 9, 47}}}
{{100, {32, 2, 19, 49}}}
{{100, {35, 5, 16, 46}}}
{{100, {37, 3, 14, 48}}}
{{100, {34, 5, 17, 46}}}
{{100, {38, 8, 13, 43}}}
{{100, {41, 4, 10, 47}}}
{{5, {40, 8, 11, 43}}, {73, {39, 8, 12, 43}}, {22, {38, 8, 13, 43}}}
{{100, {38, 4, 13, 47}}}
{{100, {33, 3, 18, 48}}}
{{100, {42, 1, 9, 50}}}
{{11, {44, 3, 7, 48}}, {80, {42, 3, 9, 48}}, {3, {45, 3, 6, 48}}, {6, {43, 3, 8, 48}}}
{{100, {37, 4, 14, 47}}}
{{100, {43, 1, 8, 50}}}
{{100, {41, 4, 10, 47}}}
{{100, {43, 7, 8, 44}}}
{{100, {33, 7, 18, 44}}}
{{100, {41, 6, 10, 45}}}
{{100, {40, 5, 11, 46}}}
{{11, {39, 7, 12, 44}}, {75, {39, 5, 12, 46}}, {14, {39, 6, 12, 45}}}
{{100, {29, 8, 22, 43}}}
{{100, {43, 4, 8, 47}}}
{{100, {36, 3, 15, 48}}}
{{54, {38, 3, 13, 48}}, {46, {38, 4, 13, 47}}}
{{100, {41, 2, 10, 49}}}
{{100, {32, 2, 19, 49}}}
{{100, {36, 5, 15, 46}}}
{{100, {46, 5, 5, 46}}}
{{92, {43, 2, 8, 49}}, {8, {40, 2, 11, 49}}}
{{100, {44, 3, 7, 48}}}
{{41, {38, 5, 13, 46}}, {59, {39, 5, 12, 46}}}
{{100, {40, 2, 11, 49}}}
{{100, {36, 7, 15, 44}}}
{{100, {36, 9, 15, 42}}}
{{100, {41, 2, 10, 49}}}
{{98, {34, 4, 17, 47}}, {2, {34, 5, 17, 46}}}
{{100, {39, 4, 12, 47}}}
{{100, {39, 4, 12, 47}}}
{{99, {34, 8, 17, 43}}, {1, {35, 8, 16, 43}}}
{{100, {38, 3, 13, 48}}}
{{100, {36, 4, 15, 47}}}
{{96, {40, 4, 11, 47}}, {4, {38, 4, 13, 47}}}
{{100, {36, 6, 15, 45}}}
{{24, {38, 3, 13, 48}}, {16, {40, 3, 11, 48}}, {60, {39, 3, 12, 48}}}
{{100, {43, 3, 8, 48}}}
{{100, {40, 6, 11, 45}}}
{{100, {36, 3, 15, 48}}}
{{100, {39, 4, 12, 47}}}
{{100, {42, 7, 9, 44}}}
{{80, {42, 6, 9, 45}}, {20, {43, 6, 8, 45}}}
{{100, {33, 4, 18, 47}}}
{{100, {39, 3, 12, 48}}}
{{100, {44, 5, 7, 46}}}
{{100, {37, 5, 14, 46}}}
{{100, {35, 8, 16, 43}}}
{{100, {36, 5, 15, 46}}}
{{44, {37, 8, 14, 43}}, {36, {40, 8, 11, 43}}, {1, {39, 8, 12, 43}}, {19, {36, 8, 15, 43}}}
{{100, {37, 4, 14, 47}}}
{{100, {44, 2, 7, 49}}}
{{100, {36, 2, 15, 49}}}
{{99, {40, 2, 11, 49}}, {1, {39, 2, 12, 49}}}
{{23, {40, 1, 11, 50}}, {77, {41, 1, 10, 50}}}
{{25, {36, 2, 15, 49}}, {75, {37, 2, 14, 49}}}
{{100, {42, 3, 9, 48}}}
{{100, {38, 2, 13, 49}}}
{{100, {42, 3, 9, 48}}}
{{100, {40, 4, 11, 47}}}
{{28, {37, 7, 14, 44}}, {72, {39, 7, 12, 44}}}
{{100, {37, 7, 14, 44}}}
{{24, {38, 5, 13, 46}}, {74, {40, 5, 11, 46}}, {2, {39, 5, 12, 46}}}
{{17, {40, 4, 11, 47}}, {83, {39, 4, 12, 47}}}
{{100, {36, 4, 15, 47}}}
{{75, {40, 4, 11, 47}}, {25, {40, 3, 11, 48}}}
{{100, {40, 2, 11, 49}}}
{{100, {34, 6, 17, 45}}}
{{68, {35, 2, 16, 49}}, {3, {35, 3, 16, 48}}, {29, {32, 2, 19, 49}}}
{{100, {37, 7, 14, 44}}}
{{100, {37, 2, 14, 49}}}
{{100, {39, 4, 12, 47}}}
{{100, {44, 3, 7, 48}}}
{{100, {41, 4, 10, 47}}}
{{100, {43, 2, 8, 49}}}
{{100, {40, 6, 11, 45}}}
{{100, {37, 3, 14, 48}}}
{{8, {34, 5, 17, 46}}, {92, {37, 5, 14, 46}}}
{{100, {39, 1, 12, 50}}}
{{100, {35, 4, 16, 47}}}
{{100, {36, 6, 15, 45}}}
{{100, {36, 3, 15, 48}}}
{{100, {38, 2, 13, 49}}}
{{100, {38, 5, 13, 46}}}
{{100, {39, 3, 12, 48}}}
{{100, {42, 1, 9, 50}}}
{{100, {36, 5, 15, 46}}}
{{100, {41, 2, 10, 49}}}
{{100, {32, 3, 19, 48}}}
{{100, {43, 4, 8, 47}}}
{{100, {39, 3, 12, 48}}}
{{100, {31, 5, 20, 46}}}
{{100, {40, 4, 11, 47}}}
{{100, {43, 3, 8, 48}}}
{{99, {40, 2, 11, 49}}, {1, {39, 2, 12, 49}}}
{{99, {36, 3, 15, 48}}, {1, {37, 3, 14, 48}}}
{{100, {29, 5, 22, 46}}}
{{100, {41, 3, 10, 48}}}
{{100, {41, 4, 10, 47}}}
{{100, {38, 1, 13, 50}}}
{{100, {37, 5, 14, 46}}}
{{100, {38, 11, 13, 40}}}
{{25, {33, 8, 18, 43}}, {64, {34, 8, 17, 43}}, {2, {37, 8, 14, 43}}, {9, {38, 8, 13, 43}}}
{{2, {35, 4, 16, 47}}, {98, {34, 4, 17, 47}}}
{{100, {35, 5, 16, 46}}}
{{100, {40, 2, 11, 49}}}
{{100, {43, 5, 8, 46}}}
{{100, {34, 3, 17, 48}}}
{{22, {40, 5, 11, 46}}, {78, {41, 5, 10, 46}}}
{{100, {35, 3, 16, 48}}}
{{100, {36, 7, 15, 44}}}
{{13, {43, 7, 8, 44}}, {87, {42, 7, 9, 44}}}
{{100, {41, 3, 10, 48}}}
{{93, {38, 2, 13, 49}}, {7, {38, 3, 13, 48}}}
{{100, {37, 6, 14, 45}}}
{{100, {41, 3, 10, 48}}}
{{100, {43, 2, 8, 49}}}
{{76, {33, 4, 18, 47}}, {24, {34, 4, 17, 47}}}
{{100, {37, 1, 14, 50}}}
{{100, {37, 4, 14, 47}}}
{{48, {35, 3, 16, 48}}, {52, {33, 3, 18, 48}}}
{{100, {40, 5, 11, 46}}}
{{100, {38, 5, 13, 46}}}
{{96, {40, 7, 11, 44}}, {4, {41, 7, 10, 44}}}
{{1, {33, 3, 18, 48}}, {99, {34, 3, 17, 48}}}
{{73, {31, 8, 20, 43}}, {27, {32, 8, 19, 43}}}
{{13, {36, 1, 15, 50}}, {87, {35, 1, 16, 50}}}
{{85, {43, 3, 8, 48}}, {15, {43, 6, 8, 45}}}
{{100, {39, 2, 12, 49}}}
{{86, {40, 3, 11, 48}}, {14, {39, 3, 12, 48}}}
{{100, {34, 2, 17, 49}}}
{{100, {33, 8, 18, 43}}}
{{100, {43, 5, 8, 46}}}
{{100, {39, 5, 12, 46}}}
{{100, {41, 6, 10, 45}}}
{{100, {44, 2, 7, 49}}}
{{100, {42, 3, 9, 48}}}
{{100, {40, 4, 11, 47}}}
{{100, {40, 4, 11, 47}}}
{{100, {36, 3, 15, 48}}}
{{100, {39, 6, 12, 45}}}
{{4, {40, 7, 11, 44}}, {96, {38, 7, 13, 44}}}
{{100, {41, 2, 10, 49}}}
{{65, {36, 3, 15, 48}}, {4, {38, 3, 13, 48}}, {31, {37, 3, 14, 48}}}
{{100, {38, 4, 13, 47}}}
{{100, {42, 2, 9, 49}}}
{{100, {40, 4, 11, 47}}}
{{100, {38, 4, 13, 47}}}
{{65, {42, 2, 9, 49}}, {35, {43, 2, 8, 49}}}
{{100, {43, 4, 8, 47}}}
{{32, {36, 6, 15, 45}}, {63, {38, 6, 13, 45}}, {5, {37, 6, 14, 45}}}
{{100, {37, 9, 14, 42}}}
{{100, {39, 2, 12, 49}}}
{{100, {39, 4, 12, 47}}}
{{2, {34, 5, 17, 46}}, {98, {37, 5, 14, 46}}}
{{100, {34, 4, 17, 47}}}
{{100, {38, 3, 13, 48}}}
{{100, {35, 6, 16, 45}}}
{{1, {40, 2, 11, 49}}, {99, {41, 2, 10, 49}}}
{{98, {38, 6, 13, 45}}, {2, {39, 6, 12, 45}}}
{{100, {38, 5, 13, 46}}}
{{10, {43, 2, 8, 49}}, {90, {44, 2, 7, 49}}}
{{100, {38, 5, 13, 46}}}
{{92, {41, 4, 10, 47}}, {8, {41, 3, 10, 48}}}
{{100, {43, 4, 8, 47}}}
{{100, {38, 4, 13, 47}}}
{{27, {40, 7, 11, 44}}, {73, {40, 6, 11, 45}}}
{{100, {42, 2, 9, 49}}}
{{34, {36, 2, 15, 49}}, {63, {35, 2, 16, 49}}, {2, {35, 3, 16, 48}}, {1, {36, 4, 15, 47}}}
{{100, {43, 6, 8, 45}}}
{{100, {36, 5, 15, 46}}}
{{100, {41, 5, 10, 46}}}
{{100, {40, 6, 11, 45}}}
{{100, {39, 7, 12, 44}}}
{{100, {45, 0, 6, 51}}}
{{100, {42, 4, 9, 47}}}
{{100, {42, 3, 9, 48}}}
{{100, {38, 5, 13, 46}}}
{{87, {31, 3, 20, 48}}, {10, {32, 3, 19, 48}}, {3, {30, 3, 21, 48}}}
{{94, {36, 5, 15, 46}}, {6, {34, 5, 17, 46}}}
{{100, {35, 4, 16, 47}}}
{{5, {33, 5, 18, 46}}, {95, {37, 5, 14, 46}}}
{{100, {42, 4, 9, 47}}}
{{100, {36, 4, 15, 47}}}
{{100, {33, 6, 18, 45}}}
{{1, {36, 2, 15, 49}}, {97, {36, 1, 15, 50}}, {2, {36, 3, 15, 48}}}
{{100, {46, 3, 5, 48}}}
{{100, {41, 2, 10, 49}}}
