Alamosaurus, {{10, {{74, 10, 27, 34}, 0.09}}, {7, {{74, 10, 27, 34}, 0.1}}, {83, {{75, 10, 26, 34}, 0.09}}}
Baryonyx.1, {{57, {{75, 10, 26, 34}, 0.86}}, {16, {{74, 10, 27, 34}, 0.87}}, {26, {{75, 10, 26, 34}, 0.87}}, {1, {{74, 10, 27, 34}, 0.86}}}
Spinosaurus.3, {{24, {{75, 10, 26, 34}, 0.86}}, {16, {{74, 10, 27, 34}, 0.87}}, {59, {{75, 10, 26, 34}, 0.87}}, {1, {{74, 10, 27, 34}, 0.86}}}
Spinosaurus.2, {{83, {{75, 10, 26, 34}, 0.96}}, {17, {{74, 10, 27, 34}, 0.96}}}
Spinosaurus.1, {{53, {{75, 10, 26, 34}, 0.86}}, {1, {{74, 10, 27, 34}, 0.85}}, {16, {{74, 10, 27, 34}, 0.86}}, {30, {{75, 10, 26, 34}, 0.85}}}
Baryonyx, {{83, {{75, 10, 26, 34}, 0.96}}, {17, {{74, 10, 27, 34}, 0.96}}}
Spinosaurus, {{79, {{75, 10, 26, 34}, 0.96}}, {4, {{75, 10, 26, 34}, 0.95}}, {17, {{74, 10, 27, 34}, 0.96}}}
Anseranas_semipalmata, {{17, {{74, 10, 27, 34}, 0.6}}, {83, {{75, 10, 26, 34}, 0.6}}}
Nestor_notabilis, {{83, {{75, 10, 26, 34}, 0.36}}, {17, {{74, 10, 27, 34}, 0.36}}}
Xenicus_longipes, {{83, {{75, 10, 26, 34}, 0.58}}, {17, {{74, 10, 27, 34}, 0.58}}}
Turdus_olivater, {{83, {{75, 10, 26, 34}, 0.79}}, {17, {{74, 10, 27, 34}, 0.79}}}
Spheniscus_humboldti, {{29, {{75, 10, 26, 34}, 0.89}}, {6, {{74, 10, 27, 34}, 0.9}}, {11, {{74, 10, 27, 34}, 0.89}}, {54, {{75, 10, 26, 34}, 0.9}}}
Ardea_cinerea, {{83, {{75, 10, 26, 34}, 0.02}}, {17, {{74, 10, 27, 34}, 0.02}}}
Zaglossus_bruijni, {{17, {{74, 10, 27, 34}, 0.1}}, {52, {{75, 10, 26, 34}, 0.09}}, {31, {{75, 10, 26, 34}, 0.1}}}
Microgale_thomasi, {{82, {{75, 10, 26, 34}, 0.38}}, {1, {{75, 10, 26, 34}, 0.39}}, {17, {{74, 10, 27, 34}, 0.38}}}
Trichechus_manatus, {{83, {{75, 10, 26, 34}, 0.97}}, {17, {{74, 10, 27, 34}, 0.97}}}
Procavia_capensis, {{11, {{74, 10, 27, 34}, 0.24}}, {6, {{74, 10, 27, 34}, 0.25}}, {82, {{75, 10, 26, 34}, 0.24}}, {1, {{75, 10, 26, 34}, 0.25}}}
Elephas_maximus, {{83, {{75, 10, 26, 34}, 0.07}}, {17, {{74, 10, 27, 34}, 0.07}}}
Behemotops_katsuiei, {{15, {{74, 10, 27, 34}, 0.88}}, {2, {{74, 10, 27, 34}, 0.87}}, {24, {{75, 10, 26, 34}, 0.88}}, {59, {{75, 10, 26, 34}, 0.87}}}
Sciurus_vulgaris, {{67, {{75, 10, 26, 34}, 0.31}}, {16, {{75, 10, 26, 34}, 0.3}}, {17, {{74, 10, 27, 34}, 0.31}}}
Rousettus_aegyptiacus, {{72, {{75, 10, 26, 34}, 0.11}}, {11, {{75, 10, 26, 34}, 0.1}}, {17, {{74, 10, 27, 34}, 0.11}}}
Lutra_vulgaris, {{82, {{75, 10, 26, 34}, 0.86}}, {1, {{75, 10, 26, 34}, 0.87}}, {17, {{74, 10, 27, 34}, 0.86}}}
Orcinus_orca, {{83, {{75, 10, 26, 34}, 0.89}}, {17, {{74, 10, 27, 34}, 0.89}}}
Ceresiosaurus, {{100, {{82, 9, 23, 32}, 1.0}}}
Platecarpus_sp., {{21, {{82, 9, 23, 32}, 0.87}}, {79, {{82, 9, 23, 32}, 0.86}}}
Baryonyx.1, {{54, {{82, 9, 23, 32}, 0.9}}, {46, {{82, 9, 23, 32}, 0.91}}}
Spinosaurus.3, {{4, {{82, 9, 23, 32}, 0.9}}, {96, {{82, 9, 23, 32}, 0.91}}}
Spinosaurus.2, {{53, {{82, 9, 23, 32}, 0.97}}, {47, {{82, 9, 23, 32}, 0.98}}}
Spinosaurus.1, {{3, {{82, 9, 23, 32}, 0.9}}, {97, {{82, 9, 23, 32}, 0.89}}}
Baryonyx, {{100, {{82, 9, 23, 32}, 0.98}}}
Spinosaurus, {{100, {{82, 9, 23, 32}, 0.97}}}
Anas_platyrhynchos, {{100, {{82, 9, 23, 32}, 0.01}}}
Atlantisia_rogersi, {{100, {{82, 9, 23, 32}, 0.47}}}
Porphyrio_poliocephalus, {{61, {{82, 9, 23, 32}, 0.28}}, {39, {{82, 9, 23, 32}, 0.27}}}
Eudyptes_chrysocome, {{100, {{82, 9, 23, 32}, 0.87}}}
Dasyurus_maculatus, {{100, {{82, 9, 23, 32}, 0.52}}}
Macropus_rufus, {{100, {{82, 9, 23, 32}, 0.56}}}
Castor_fiber, {{100, {{82, 9, 23, 32}, 0.87}}}
Galemys_pyrenaicus, {{100, {{82, 9, 23, 32}, 0.07}}}
Noemys_fodies, {{12, {{82, 9, 23, 32}, 0.66}}, {88, {{82, 9, 23, 32}, 0.65}}}
Canis_lupus, {{23, {{82, 9, 23, 32}, 0.2}}, {77, {{82, 9, 23, 32}, 0.21}}}
Taxidea_taxus, {{9, {{82, 9, 23, 32}, 0.4}}, {91, {{82, 9, 23, 32}, 0.39}}}
Martes_foina, {{100, {{82, 9, 23, 32}, 0.26}}}
Enhydra_lutris, {{100, {{82, 9, 23, 32}, 0.9}}}
Delphinapterus_leucas, {{100, {{82, 9, 23, 32}, 0.89}}}
Dallasaurus_turneri, {{100, {{82, 7, 20, 36}, 0.38}}}
Metriorhynchid_indet., {{78, {{82, 7, 20, 36}, 0.37}}, {11, {{82, 7, 20, 36}, 0.38}}, {11, {{82, 7, 20, 36}, 0.36}}}
Crocodylus_sp., {{100, {{82, 7, 20, 36}, 0.94}}}
Spinophorosaurus_nigerensis, {{18, {{82, 7, 20, 36}, 0.54}}, {28, {{82, 7, 20, 36}, 0.52}}, {54, {{82, 7, 20, 36}, 0.53}}}
Baryonyx.1, {{95, {{82, 7, 20, 36}, 0.92}}, {5, {{82, 7, 20, 36}, 0.91}}}
Spinosaurus.3, {{100, {{82, 7, 20, 36}, 0.92}}}
Spinosaurus.2, {{100, {{82, 7, 20, 36}, 0.98}}}
Spinosaurus.1, {{78, {{82, 7, 20, 36}, 0.9}}, {22, {{82, 7, 20, 36}, 0.91}}}
Baryonyx, {{100, {{82, 7, 20, 36}, 0.98}}}
Spinosaurus, {{100, {{82, 7, 20, 36}, 0.98}}}
Cygnus_olor, {{100, {{82, 7, 20, 36}, 0.56}}}
Melanitta_nigra, {{100, {{82, 7, 20, 36}, 0.3}}}
Aramus_guarana, {{100, {{82, 7, 20, 36}, 0.38}}}
Phalacrocorax_harris, {{100, {{82, 7, 20, 36}, 0.81}}}
Tenrec_ecaudatus, {{100, {{82, 7, 20, 36}, 0.35}}}
Dasyprocta__punctata, {{100, {{82, 7, 20, 36}, 0.08}}}
Arvicola_amphibius, {{8, {{82, 7, 20, 36}, 0.1}}, {92, {{82, 7, 20, 36}, 0.11}}}
Hemiechinus_azurites, {{35, {{82, 7, 20, 36}, 0.15}}, {65, {{82, 7, 20, 36}, 0.14}}}
Genetta_genetta, {{64, {{82, 7, 20, 36}, 0.17}}, {36, {{82, 7, 20, 36}, 0.18}}}
Tapirus_terrestris, {{99, {{82, 7, 20, 36}, 0.66}}, {1, {{82, 7, 20, 36}, 0.65}}}
Ceratotherium_simum, {{17, {{82, 7, 20, 36}, 0.47}}, {83, {{82, 7, 20, 36}, 0.46}}}
Camelus_bactrianus, {{8, {{82, 7, 20, 36}, 0.29}}, {92, {{82, 7, 20, 36}, 0.3}}}
Bison_bonasus, {{64, {{82, 7, 20, 36}, 0.05}}, {36, {{82, 7, 20, 36}, 0.06}}}
Brachiosaurus_sp, {{23, {{81, 10, 20, 35}, 0.96}}, {16, {{80, 10, 21, 35}, 0.97}}, {61, {{81, 10, 20, 35}, 0.97}}}
Baryonyx.1, {{16, {{80, 10, 21, 35}, 0.93}}, {84, {{81, 10, 20, 35}, 0.93}}}
Spinosaurus.3, {{16, {{80, 10, 21, 35}, 0.93}}, {84, {{81, 10, 20, 35}, 0.93}}}
Spinosaurus.2, {{3, {{81, 10, 20, 35}, 0.98}}, {16, {{80, 10, 21, 35}, 0.99}}, {81, {{81, 10, 20, 35}, 0.99}}}
Spinosaurus.1, {{16, {{80, 10, 21, 35}, 0.92}}, {77, {{81, 10, 20, 35}, 0.92}}, {7, {{81, 10, 20, 35}, 0.91}}}
Baryonyx, {{16, {{80, 10, 21, 35}, 0.99}}, {84, {{81, 10, 20, 35}, 0.99}}}
Spinosaurus, {{16, {{80, 10, 21, 35}, 0.98}}, {84, {{81, 10, 20, 35}, 0.98}}}
Anser_fabalis, {{16, {{80, 10, 21, 35}, 0.3}}, {84, {{81, 10, 20, 35}, 0.3}}}
Tachyeres_ciconia, {{84, {{81, 10, 20, 35}, 0.88}}, {16, {{80, 10, 21, 35}, 0.88}}}
Larus_argentatus, {{16, {{80, 10, 21, 35}, 0.04}}, {84, {{81, 10, 20, 35}, 0.04}}}
Pelecanus_sp., {{16, {{80, 10, 21, 35}, 0.0}}, {84, {{81, 10, 20, 35}, 0.0}}}
Dugong_dugon, {{16, {{80, 10, 21, 35}, 0.98}}, {84, {{81, 10, 20, 35}, 0.98}}}
Ashoroa_laticosta, {{16, {{80, 10, 21, 35}, 0.96}}, {84, {{81, 10, 20, 35}, 0.96}}}
Pteropus_giganteus, {{16, {{80, 10, 21, 35}, 0.0}}, {84, {{81, 10, 20, 35}, 0.0}}}
Felis_silvestris, {{5, {{81, 10, 20, 35}, 0.22}}, {8, {{80, 10, 21, 35}, 0.21}}, {79, {{81, 10, 20, 35}, 0.21}}, {8, {{80, 10, 21, 35}, 0.22}}}
Tremarctos_ornatus, {{14, {{80, 10, 21, 35}, 0.66}}, {2, {{81, 10, 20, 35}, 0.66}}, {2, {{80, 10, 21, 35}, 0.65}}, {82, {{81, 10, 20, 35}, 0.65}}}
Martes_martes, {{7, {{81, 10, 20, 35}, 0.18}}, {16, {{80, 10, 21, 35}, 0.19}}, {77, {{81, 10, 20, 35}, 0.19}}}
Mustela_nivalis, {{5, {{81, 10, 20, 35}, 0.41}}, {16, {{80, 10, 21, 35}, 0.4}}, {79, {{81, 10, 20, 35}, 0.4}}}
Rhinocerus_unicornis, {{16, {{80, 10, 21, 35}, 0.76}}, {60, {{81, 10, 20, 35}, 0.76}}, {24, {{81, 10, 20, 35}, 0.75}}}
Hippopotamus_amphibius, {{16, {{80, 10, 21, 35}, 0.83}}, {84, {{81, 10, 20, 35}, 0.83}}}
Monodon_monoceros, {{16, {{80, 10, 21, 35}, 0.63}}, {84, {{81, 10, 20, 35}, 0.63}}}
Capra_aegagrus, {{16, {{80, 10, 21, 35}, 0.66}}, {84, {{81, 10, 20, 35}, 0.66}}}
Mollesaurus, {{81, {{74, 9, 26, 37}, 0.63}}, {8, {{74, 9, 26, 37}, 0.62}}, {11, {{74, 9, 26, 37}, 0.64}}}
Clidastes_sp., {{69, {{74, 9, 26, 37}, 0.79}}, {31, {{74, 9, 26, 37}, 0.78}}}
Miragaia_longicollum, {{40, {{74, 9, 26, 37}, 0.8}}, {60, {{74, 9, 26, 37}, 0.81}}}
Saltriovenator, {{95, {{74, 9, 26, 37}, 0.46}}, {2, {{74, 9, 26, 37}, 0.45}}, {3, {{74, 9, 26, 37}, 0.47}}}
Baryonyx.1, {{5, {{74, 9, 26, 37}, 0.88}}, {95, {{74, 9, 26, 37}, 0.87}}}
Spinosaurus.3, {{35, {{74, 9, 26, 37}, 0.88}}, {65, {{74, 9, 26, 37}, 0.87}}}
Spinosaurus.2, {{2, {{74, 9, 26, 37}, 0.96}}, {98, {{74, 9, 26, 37}, 0.97}}}
Spinosaurus.1, {{75, {{74, 9, 26, 37}, 0.86}}, {25, {{74, 9, 26, 37}, 0.87}}}
Baryonyx, {{100, {{74, 9, 26, 37}, 0.97}}}
Spinosaurus, {{100, {{74, 9, 26, 37}, 0.96}}}
Lourinhanosaurus, {{73, {{74, 9, 26, 37}, 0.16}}, {27, {{74, 9, 26, 37}, 0.17}}}
Anas_discors, {{95, {{74, 9, 26, 37}, 0.2}}, {5, {{74, 9, 26, 37}, 0.19}}}
Psophia_crepitans, {{9, {{74, 9, 26, 37}, 0.21}}, {91, {{74, 9, 26, 37}, 0.22}}}
Porzana_carolina, {{100, {{74, 9, 26, 37}, 0.19}}}
Phaeton_aethereus, {{100, {{74, 9, 26, 37}, 0.41}}}
Rhynchocyon_petersi, {{100, {{74, 9, 26, 37}, 0.39}}}
Galagoides_demidovii, {{100, {{74, 9, 26, 37}, 0.08}}}
Rattus_rattus, {{100, {{74, 9, 26, 37}, 0.5}}}
Apodemus_sp., {{88, {{74, 9, 26, 37}, 0.27}}, {12, {{74, 9, 26, 37}, 0.28}}}
Crocidura_russula, {{3, {{74, 9, 26, 37}, 0.31}}, {97, {{74, 9, 26, 37}, 0.3}}}
Tapirus_indicus, {{100, {{74, 9, 26, 37}, 0.18}}}
Sus_scrofa, {{100, {{74, 9, 26, 37}, 0.1}}}
Tylosaurus_sp., {{32, {{80, 10, 21, 35}, 0.78}}, {12, {{79, 10, 22, 35}, 0.79}}, {39, {{79, 10, 22, 35}, 0.78}}, {17, {{80, 10, 21, 35}, 0.79}}}
Crocodylus_niloticus, {{2, {{79, 10, 22, 35}, 0.95}}, {45, {{80, 10, 21, 35}, 0.96}}, {4, {{80, 10, 21, 35}, 0.95}}, {49, {{79, 10, 22, 35}, 0.96}}}
Diplodocus_sp, {{2, {{80, 10, 21, 35}, 0.94}}, {45, {{79, 10, 22, 35}, 0.95}}, {6, {{79, 10, 22, 35}, 0.94}}, {47, {{80, 10, 21, 35}, 0.95}}}
Baryonyx.1, {{17, {{80, 10, 21, 35}, 0.92}}, {32, {{80, 10, 21, 35}, 0.91}}, {7, {{79, 10, 22, 35}, 0.92}}, {44, {{79, 10, 22, 35}, 0.91}}}
Spinosaurus.3, {{47, {{80, 10, 21, 35}, 0.92}}, {2, {{80, 10, 21, 35}, 0.91}}, {48, {{79, 10, 22, 35}, 0.92}}, {3, {{79, 10, 22, 35}, 0.91}}}
Spinosaurus.2, {{49, {{80, 10, 21, 35}, 0.98}}, {51, {{79, 10, 22, 35}, 0.98}}}
Spinosaurus.1, {{42, {{80, 10, 21, 35}, 0.9}}, {7, {{80, 10, 21, 35}, 0.91}}, {49, {{79, 10, 22, 35}, 0.9}}, {2, {{79, 10, 22, 35}, 0.91}}}
Baryonyx, {{49, {{80, 10, 21, 35}, 0.98}}, {51, {{79, 10, 22, 35}, 0.98}}}
Spinosaurus, {{47, {{80, 10, 21, 35}, 0.98}}, {1, {{79, 10, 22, 35}, 0.97}}, {50, {{79, 10, 22, 35}, 0.98}}, {2, {{80, 10, 21, 35}, 0.97}}}
Goura_cristata, {{7, {{79, 10, 22, 35}, 0.07}}, {43, {{80, 10, 21, 35}, 0.06}}, {44, {{79, 10, 22, 35}, 0.06}}, {6, {{80, 10, 21, 35}, 0.07}}}
Dendrocopos_major, {{46, {{80, 10, 21, 35}, 0.32}}, {51, {{79, 10, 22, 35}, 0.32}}, {3, {{80, 10, 21, 35}, 0.31}}}
Dacelo_novaeguineae, {{4, {{80, 10, 21, 35}, 0.08}}, {48, {{79, 10, 22, 35}, 0.09}}, {3, {{79, 10, 22, 35}, 0.08}}, {45, {{80, 10, 21, 35}, 0.09}}}
Phaenicopterus_roseus, {{3, {{79, 10, 22, 35}, 0.51}}, {49, {{80, 10, 21, 35}, 0.5}}, {48, {{79, 10, 22, 35}, 0.5}}}
Monodelphis_domestica, {{49, {{80, 10, 21, 35}, 0.27}}, {51, {{79, 10, 22, 35}, 0.27}}}
Orycteropus_afer, {{51, {{79, 10, 22, 35}, 0.11}}, {49, {{80, 10, 21, 35}, 0.11}}}
Gorilla_gorilla, {{4, {{80, 10, 21, 35}, 0.08}}, {46, {{79, 10, 22, 35}, 0.09}}, {5, {{79, 10, 22, 35}, 0.08}}, {45, {{80, 10, 21, 35}, 0.09}}}
Hydromys_chrysogaster, {{49, {{79, 10, 22, 35}, 0.8}}, {2, {{79, 10, 22, 35}, 0.79}}, {42, {{80, 10, 21, 35}, 0.8}}, {7, {{80, 10, 21, 35}, 0.79}}}
Diplomesodon_pulchellum, {{51, {{79, 10, 22, 35}, 0.44}}, {49, {{80, 10, 21, 35}, 0.44}}}
Eidolon_helvum, {{49, {{80, 10, 21, 35}, 0.03}}, {51, {{79, 10, 22, 35}, 0.03}}}
Ursus_spelaeus, {{49, {{80, 10, 21, 35}, 0.85}}, {51, {{79, 10, 22, 35}, 0.85}}}
Lissodelphis_borealis, {{49, {{80, 10, 21, 35}, 0.54}}, {51, {{79, 10, 22, 35}, 0.54}}}
Rangifer_tarandus, {{47, {{79, 10, 22, 35}, 0.56}}, {7, {{80, 10, 21, 35}, 0.57}}, {4, {{79, 10, 22, 35}, 0.57}}, {42, {{80, 10, 21, 35}, 0.56}}}
Serpianosaurus, {{48, {{76, 8, 27, 35}, 1.0}}, {52, {{76, 8, 27, 35}, 0.99}}}
Plateosaurus, {{100, {{76, 8, 27, 35}, 0.01}}}
Baryonyx.1, {{84, {{76, 8, 27, 35}, 0.86}}, {16, {{76, 8, 27, 35}, 0.87}}}
Spinosaurus.3, {{26, {{76, 8, 27, 35}, 0.86}}, {74, {{76, 8, 27, 35}, 0.87}}}
Spinosaurus.2, {{100, {{76, 8, 27, 35}, 0.96}}}
Spinosaurus.1, {{71, {{76, 8, 27, 35}, 0.85}}, {29, {{76, 8, 27, 35}, 0.86}}}
Baryonyx, {{38, {{76, 8, 27, 35}, 0.96}}, {62, {{76, 8, 27, 35}, 0.97}}}
Spinosaurus, {{100, {{76, 8, 27, 35}, 0.96}}}
Anas_erythrorhyncha, {{1, {{76, 8, 27, 35}, 0.47}}, {99, {{76, 8, 27, 35}, 0.48}}}
Pelagodroma_marina, {{100, {{76, 8, 27, 35}, 0.43}}}
Fulmarus_glacialis, {{100, {{76, 8, 27, 35}, 0.08}}}
Aptenodytes_patagonicus, {{61, {{76, 8, 27, 35}, 0.67}}, {39, {{76, 8, 27, 35}, 0.68}}}
Ornithorhynchus_anatinus, {{60, {{76, 8, 27, 35}, 0.9}}, {40, {{76, 8, 27, 35}, 0.91}}}
Didelphis_sp., {{46, {{76, 8, 27, 35}, 0.09}}, {54, {{76, 8, 27, 35}, 0.08}}}
Desmostylus_hesperus, {{81, {{76, 8, 27, 35}, 0.24}}, {19, {{76, 8, 27, 35}, 0.23}}}
Cercopithecus_mona, {{2, {{76, 8, 27, 35}, 0.07}}, {98, {{76, 8, 27, 35}, 0.08}}}
Phoca_vitulina, {{100, {{76, 8, 27, 35}, 0.03}}}
Basilosaurus, {{100, {{76, 8, 27, 35}, 0.97}}}
Giraffa_camelopardalis, {{69, {{76, 8, 27, 35}, 0.13}}, {31, {{76, 8, 27, 35}, 0.12}}}
Capreolus_capreolus, {{99, {{76, 8, 27, 35}, 0.03}}, {1, {{76, 8, 27, 35}, 0.04}}}
Aepyceros_melampus, {{79, {{76, 8, 27, 35}, 0.36}}, {21, {{76, 8, 27, 35}, 0.35}}}
Ovis_aries, {{23, {{76, 8, 27, 35}, 0.24}}, {77, {{76, 8, 27, 35}, 0.23}}}
Apatosaurus_sp, {{90, {{75, 10, 24, 37}, 0.89}}, {10, {{75, 10, 24, 37}, 0.88}}}
Baryonyx.1, {{100, {{75, 10, 24, 37}, 0.91}}}
Spinosaurus.3, {{100, {{75, 10, 24, 37}, 0.91}}}
Spinosaurus.2, {{100, {{75, 10, 24, 37}, 0.98}}}
Spinosaurus.1, {{79, {{75, 10, 24, 37}, 0.9}}, {21, {{75, 10, 24, 37}, 0.89}}}
Baryonyx, {{100, {{75, 10, 24, 37}, 0.98}}}
Spinosaurus, {{100, {{75, 10, 24, 37}, 0.97}}}
Struthio_camelus, {{1, {{75, 10, 24, 37}, 0.29}}, {99, {{75, 10, 24, 37}, 0.28}}}
Crypturellus_tataupa, {{100, {{75, 10, 24, 37}, 0.34}}}
Caloenas_nicobarica, {{80, {{75, 10, 24, 37}, 0.42}}, {20, {{75, 10, 24, 37}, 0.43}}}
Sarothrura_rufa, {{100, {{75, 10, 24, 37}, 0.5}}}
Strigiops_habroptilus, {{98, {{75, 10, 24, 37}, 0.27}}, {2, {{75, 10, 24, 37}, 0.26}}}
Tachyglossus_aculeatus_setosus, {{100, {{75, 10, 24, 37}, 0.24}}}
Perameles_nasuta, {{5, {{75, 10, 24, 37}, 0.36}}, {95, {{75, 10, 24, 37}, 0.35}}}
Choloepus_didactylus, {{97, {{75, 10, 24, 37}, 0.15}}, {3, {{75, 10, 24, 37}, 0.16}}}
Mammuthus_primigenius, {{85, {{75, 10, 24, 37}, 0.34}}, {15, {{75, 10, 24, 37}, 0.35}}}
Euroscaptor_micrura, {{100, {{75, 10, 24, 37}, 0.36}}}
Ursus_maritimus, {{27, {{75, 10, 24, 37}, 0.12}}, {73, {{75, 10, 24, 37}, 0.13}}}
Callophoca_obscura, {{6, {{75, 10, 24, 37}, 0.57}}, {94, {{75, 10, 24, 37}, 0.58}}}
Rhinoceros_sondaicus, {{100, {{75, 10, 24, 37}, 0.89}}}
Rodhocetus, {{2, {{75, 10, 24, 37}, 0.95}}, {98, {{75, 10, 24, 37}, 0.94}}}
Cervus_elaphus_canadensis, {{25, {{75, 10, 24, 37}, 0.09}}, {75, {{75, 10, 24, 37}, 0.08}}}
Carentonosaurus_mineaui, {{99, {{81, 8, 24, 33}, 0.98}}, {1, {{80, 8, 25, 33}, 0.98}}}
Baryonyx.1, {{1, {{80, 8, 25, 33}, 0.91}}, {83, {{81, 8, 24, 33}, 0.9}}, {16, {{81, 8, 24, 33}, 0.91}}}
Spinosaurus.3, {{1, {{80, 8, 25, 33}, 0.91}}, {35, {{81, 8, 24, 33}, 0.9}}, {64, {{81, 8, 24, 33}, 0.91}}}
Spinosaurus.2, {{99, {{81, 8, 24, 33}, 0.98}}, {1, {{80, 8, 25, 33}, 0.98}}}
Spinosaurus.1, {{1, {{80, 8, 25, 33}, 0.89}}, {13, {{81, 8, 24, 33}, 0.9}}, {86, {{81, 8, 24, 33}, 0.89}}}
Baryonyx, {{99, {{81, 8, 24, 33}, 0.98}}, {1, {{80, 8, 25, 33}, 0.98}}}
Spinosaurus, {{1, {{80, 8, 25, 33}, 0.97}}, {99, {{81, 8, 24, 33}, 0.97}}}
Charcarodontosaurid, {{1, {{80, 8, 25, 33}, 0.83}}, {99, {{81, 8, 24, 33}, 0.83}}}
Apteryx_owenii, {{99, {{81, 8, 24, 33}, 0.61}}, {1, {{80, 8, 25, 33}, 0.61}}}
Otis_tarda, {{1, {{80, 8, 25, 33}, 0.03}}, {99, {{81, 8, 24, 33}, 0.03}}}
Glareola_pratincula, {{1, {{80, 8, 25, 33}, 0.58}}, {99, {{81, 8, 24, 33}, 0.58}}}
Morus_bassanus, {{1, {{80, 8, 25, 33}, 0.02}}, {99, {{81, 8, 24, 33}, 0.02}}}
Paleoparadoxia_sp, {{1, {{80, 8, 25, 33}, 0.97}}, {99, {{81, 8, 24, 33}, 0.97}}}
Myoprocta_pratti, {{99, {{81, 8, 24, 33}, 0.09}}, {1, {{80, 8, 25, 33}, 0.09}}}
Desmana_moschata, {{99, {{81, 8, 24, 33}, 0.87}}, {1, {{80, 8, 25, 33}, 0.87}}}
Erinaceus_europaeus, {{1, {{80, 8, 25, 33}, 0.2}}, {92, {{81, 8, 24, 33}, 0.2}}, {7, {{81, 8, 24, 33}, 0.19}}}
Vulpes_vulpes, {{18, {{81, 8, 24, 33}, 0.09}}, {81, {{81, 8, 24, 33}, 0.1}}, {1, {{80, 8, 25, 33}, 0.1}}}
Nanophoca_vitulinoides, {{97, {{81, 8, 24, 33}, 0.98}}, {1, {{80, 8, 25, 33}, 0.98}}, {2, {{81, 8, 24, 33}, 0.97}}}
Neovison_vison, {{1, {{80, 8, 25, 33}, 0.4}}, {51, {{81, 8, 24, 33}, 0.4}}, {48, {{81, 8, 24, 33}, 0.39}}}
Choeropsis_liberiensis, {{6, {{81, 8, 24, 33}, 0.57}}, {93, {{81, 8, 24, 33}, 0.56}}, {1, {{80, 8, 25, 33}, 0.57}}}
Dorudon, {{1, {{80, 8, 25, 33}, 0.97}}, {99, {{81, 8, 24, 33}, 0.97}}}
Balaenoptera_brydei, {{28, {{81, 8, 24, 33}, 0.26}}, {71, {{81, 8, 24, 33}, 0.25}}, {1, {{80, 8, 25, 33}, 0.26}}}
Nothosaurus_sp., {{10, {{79, 9, 21, 37}, 1.0}}, {68, {{81, 9, 19, 37}, 1.0}}, {22, {{80, 9, 20, 37}, 1.0}}}
Neusticosaurus, {{22, {{80, 9, 20, 37}, 0.99}}, {10, {{79, 9, 21, 37}, 0.99}}, {68, {{81, 9, 19, 37}, 0.99}}}
Baryonyx.1, {{20, {{80, 9, 20, 37}, 0.89}}, {10, {{79, 9, 21, 37}, 0.89}}, {2, {{80, 9, 20, 37}, 0.88}}, {46, {{81, 9, 19, 37}, 0.89}}, {22, {{81, 9, 19, 37}, 0.88}}}
Spinosaurus.3, {{22, {{80, 9, 20, 37}, 0.89}}, {10, {{79, 9, 21, 37}, 0.89}}, {68, {{81, 9, 19, 37}, 0.89}}}
Spinosaurus.2, {{22, {{80, 9, 20, 37}, 0.97}}, {10, {{79, 9, 21, 37}, 0.97}}, {68, {{81, 9, 19, 37}, 0.97}}}
Spinosaurus.1, {{4, {{80, 9, 20, 37}, 0.88}}, {18, {{80, 9, 20, 37}, 0.87}}, {5, {{79, 9, 21, 37}, 0.88}}, {5, {{79, 9, 21, 37}, 0.87}}, {7, {{81, 9, 19, 37}, 0.88}}, {61, {{81, 9, 19, 37}, 0.87}}}
Baryonyx, {{22, {{80, 9, 20, 37}, 0.97}}, {10, {{79, 9, 21, 37}, 0.97}}, {68, {{81, 9, 19, 37}, 0.97}}}
Spinosaurus, {{22, {{80, 9, 20, 37}, 0.96}}, {10, {{79, 9, 21, 37}, 0.96}}, {68, {{81, 9, 19, 37}, 0.96}}}
Casuarius_casuarius, {{11, {{80, 9, 20, 37}, 0.29}}, {11, {{80, 9, 20, 37}, 0.3}}, {10, {{79, 9, 21, 37}, 0.3}}, {66, {{81, 9, 19, 37}, 0.29}}, {2, {{81, 9, 19, 37}, 0.3}}}
Chaunia_chavaria, {{22, {{80, 9, 20, 37}, 0.28}}, {10, {{79, 9, 21, 37}, 0.28}}, {68, {{81, 9, 19, 37}, 0.28}}}
Podica_senegalensis, {{64, {{81, 9, 19, 37}, 0.62}}, {6, {{80, 9, 20, 37}, 0.63}}, {7, {{79, 9, 21, 37}, 0.63}}, {4, {{81, 9, 19, 37}, 0.63}}, {16, {{80, 9, 20, 37}, 0.62}}, {3, {{79, 9, 21, 37}, 0.62}}}
Tribonyx_ventralis, {{21, {{80, 9, 20, 37}, 0.67}}, {9, {{79, 9, 21, 37}, 0.67}}, {1, {{80, 9, 20, 37}, 0.68}}, {1, {{79, 9, 21, 37}, 0.68}}, {68, {{81, 9, 19, 37}, 0.67}}}
Corvus_corone, {{2, {{81, 9, 19, 37}, 0.05}}, {18, {{80, 9, 20, 37}, 0.04}}, {2, {{79, 9, 21, 37}, 0.04}}, {66, {{81, 9, 19, 37}, 0.04}}, {4, {{80, 9, 20, 37}, 0.05}}, {8, {{79, 9, 21, 37}, 0.05}}}
Buteo_buteo, {{22, {{80, 9, 20, 37}, 0.0}}, {10, {{79, 9, 21, 37}, 0.0}}, {68, {{81, 9, 19, 37}, 0.0}}}
Vombatus_ursinus, {{22, {{80, 9, 20, 37}, 0.8}}, {10, {{79, 9, 21, 37}, 0.8}}, {67, {{81, 9, 19, 37}, 0.8}}, {1, {{81, 9, 19, 37}, 0.79}}}
Lepus_europaeus, {{10, {{79, 9, 21, 37}, 0.41}}, {8, {{80, 9, 20, 37}, 0.4}}, {7, {{81, 9, 19, 37}, 0.41}}, {61, {{81, 9, 19, 37}, 0.4}}, {14, {{80, 9, 20, 37}, 0.41}}}
Myocastor_coypus, {{22, {{80, 9, 20, 37}, 0.29}}, {10, {{79, 9, 21, 37}, 0.29}}, {68, {{81, 9, 19, 37}, 0.29}}}
Pipistrellus_pipistrellus, {{68, {{81, 9, 19, 37}, 0.01}}, {22, {{80, 9, 20, 37}, 0.01}}, {10, {{79, 9, 21, 37}, 0.01}}}
Panthera_leo_persica, {{22, {{80, 9, 20, 37}, 0.11}}, {10, {{79, 9, 21, 37}, 0.11}}, {68, {{81, 9, 19, 37}, 0.11}}}
Equus_caballus, {{22, {{80, 9, 20, 37}, 0.43}}, {10, {{79, 9, 21, 37}, 0.43}}, {68, {{81, 9, 19, 37}, 0.43}}}
Bison_bison, {{15, {{80, 9, 20, 37}, 0.37}}, {10, {{79, 9, 21, 37}, 0.37}}, {7, {{80, 9, 20, 37}, 0.36}}, {3, {{81, 9, 19, 37}, 0.37}}, {65, {{81, 9, 19, 37}, 0.36}}}
Hemitragus_jayakari, {{1, {{81, 9, 19, 37}, 0.21}}, {22, {{80, 9, 20, 37}, 0.22}}, {10, {{79, 9, 21, 37}, 0.22}}, {67, {{81, 9, 19, 37}, 0.22}}}
